"","la_code","disease","estimate","max95","min95"
"1","E06000001","bp",23.07,24.4,21.79
"2","E06000002","bp",19.31,20.57,18.12
"3","E06000003","bp",23.5,24.75,22.29
"4","E06000004","bp",20.11,21.21,19.05
"5","E06000005","bp",21.41,22.65,20.23
"6","E06000007","bp",22.41,24.1,20.81
"7","E06000008","bp",18.76,19.86,17.72
"8","E06000009","bp",22.77,23.99,21.59
"9","E06000010","bp",18.6,19.87,17.4
"10","E06000011","bp",23.24,24.63,21.91
"11","E06000012","bp",21.72,22.9,20.6
"12","E06000013","bp",23.24,24.65,21.89
"13","E06000014","bp",17.24,18.55,16.01
"14","E06000015","bp",21.95,23.91,20.1
"15","E06000016","bp",15.34,16.54,14.22
"16","E06000017","bp",22.92,24.29,21.6
"17","E06000018","bp",14.6,16.06,13.25
"18","E06000019","bp",22.55,23.77,21.37
"19","E06000020","bp",20.96,22.08,19.88
"20","E06000021","bp",20.28,21.48,19.14
"21","E06000022","bp",18.84,20.15,17.59
"22","E06000023","bp",15.58,16.75,14.47
"23","E06000024","bp",22.18,23.37,21.04
"24","E06000025","bp",19.17,20.37,18.02
"25","E06000026","bp",18.59,19.84,17.41
"26","E06000027","bp",24.41,25.64,23.21
"27","E06000028","bp",17.75,19.02,16.55
"28","E06000029","bp",21.28,22.51,20.1
"29","E06000030","bp",18.88,20.27,17.57
"30","E06000031","bp",21.56,23.23,19.97
"31","E06000032","bp",16.21,17.39,15.09
"32","E06000033","bp",21.39,22.56,20.26
"33","E06000034","bp",20.25,21.41,19.13
"34","E06000035","bp",19.05,20.19,17.96
"35","E06000036","bp",17.19,18.33,16.1
"36","E06000037","bp",20.64,22.13,19.22
"37","E06000038","bp",17.41,19.31,15.65
"38","E06000039","bp",15.81,17.05,14.66
"39","E06000040","bp",18.24,19.47,17.06
"40","E06000041","bp",19.14,20.56,17.8
"41","E06000042","bp",18.01,19.2,16.88
"42","E06000043","bp",14.61,15.8,13.49
"43","E06000044","bp",16.49,17.87,15.19
"44","E06000045","bp",15.54,16.85,14.32
"45","E06000046","bp",23.81,25.26,22.41
"46","E06000047","bp",22.29,23.56,21.07
"47","E06000049","bp",21.45,22.85,20.1
"48","E06000050","bp",21.73,23.2,20.32
"49","E06000051","bp",21.95,23.3,20.66
"50","E06000052","bp",23.16,24.49,21.89
"51","E06000054","bp",20.21,21.6,18.89
"52","E06000055","bp",18.93,20.11,17.8
"53","E06000056","bp",20.39,21.78,19.05
"54","E07000004","bp",19.02,20.35,17.76
"55","E07000005","bp",21.26,22.65,19.94
"56","E07000006","bp",21.89,23.28,20.57
"57","E07000007","bp",18.92,20.26,17.64
"58","E07000008","bp",12.94,14.14,11.82
"59","E07000009","bp",20.18,21.3,19.1
"60","E07000010","bp",23.39,24.62,22.2
"61","E07000011","bp",20.82,22.02,19.66
"62","E07000012","bp",19.62,20.94,18.36
"63","E07000026","bp",23.21,24.47,21.99
"64","E07000027","bp",22.26,23.41,21.15
"65","E07000028","bp",21.9,23.33,20.54
"66","E07000029","bp",23.58,24.85,22.35
"67","E07000030","bp",23.21,24.54,21.92
"68","E07000031","bp",24.81,26.31,23.36
"69","E07000032","bp",22.42,23.62,21.27
"70","E07000033","bp",23.15,24.38,21.97
"71","E07000034","bp",21.91,23.05,20.81
"72","E07000035","bp",22.56,23.87,21.31
"73","E07000036","bp",21.09,22.27,19.97
"74","E07000039","bp",20.56,21.68,19.49
"75","E07000040","bp",24.72,26.17,23.33
"76","E07000041","bp",15.74,17.04,14.52
"77","E07000042","bp",21.8,23.04,20.61
"78","E07000043","bp",22.66,23.87,21.49
"79","E07000044","bp",22.39,23.85,20.99
"80","E07000045","bp",22.6,24,21.27
"81","E07000046","bp",23.71,25.11,22.36
"82","E07000047","bp",24.07,25.93,22.31
"83","E07000048","bp",24.03,25.36,22.76
"84","E07000049","bp",25.01,26.51,23.56
"85","E07000050","bp",21.64,22.87,20.46
"86","E07000051","bp",24.16,25.44,22.92
"87","E07000052","bp",24.08,25.44,22.78
"88","E07000053","bp",22.98,24.4,21.61
"89","E07000061","bp",22.98,24.25,21.75
"90","E07000062","bp",20.67,21.81,19.57
"91","E07000063","bp",22.98,24.21,21.79
"92","E07000064","bp",25.49,26.83,24.19
"93","E07000065","bp",22.8,24.18,21.48
"94","E07000066","bp",20.82,22.04,19.65
"95","E07000067","bp",21.21,22.45,20.02
"96","E07000068","bp",20.64,22.17,19.18
"97","E07000069","bp",24.34,25.62,23.1
"98","E07000070","bp",19.76,20.97,18.61
"99","E07000071","bp",18.96,20.23,17.76
"100","E07000072","bp",20.81,22.1,19.57
"101","E07000074","bp",22.94,24.18,21.74
"102","E07000075","bp",23.19,24.72,21.73
"103","E07000076","bp",26.52,27.81,25.27
"104","E07000077","bp",20.39,21.71,19.14
"105","E07000078","bp",18.09,19.34,16.91
"106","E07000079","bp",21.82,23.07,20.61
"107","E07000080","bp",23.14,24.38,21.94
"108","E07000081","bp",19.53,20.72,18.39
"109","E07000082","bp",20.97,22.23,19.78
"110","E07000083","bp",22.11,23.41,20.87
"111","E07000084","bp",18.58,19.78,17.43
"112","E07000085","bp",21.09,22.39,19.84
"113","E07000086","bp",19.81,21.04,18.63
"114","E07000087","bp",21.6,22.95,20.31
"115","E07000088","bp",21.55,22.73,20.42
"116","E07000089","bp",18.52,19.71,17.39
"117","E07000090","bp",22.53,23.82,21.3
"118","E07000091","bp",25.16,26.65,23.73
"119","E07000092","bp",16.87,18.01,15.79
"120","E07000093","bp",20.56,21.93,19.25
"121","E07000094","bp",19.48,20.85,18.17
"122","E07000095","bp",20.65,21.81,19.55
"123","E07000096","bp",19.55,20.86,18.31
"124","E07000098","bp",19.58,20.81,18.39
"125","E07000099","bp",19.82,21.26,18.45
"126","E07000105","bp",20.48,21.66,19.35
"127","E07000106","bp",18.22,19.67,16.86
"128","E07000107","bp",18.68,19.81,17.59
"129","E07000108","bp",23.3,24.49,22.15
"130","E07000109","bp",19.76,20.92,18.64
"131","E07000110","bp",19.76,20.96,18.61
"132","E07000111","bp",20.83,22.06,19.65
"133","E07000112","bp",22.84,24.06,21.66
"134","E07000113","bp",21.28,22.46,20.15
"135","E07000114","bp",22.84,24.12,21.61
"136","E07000115","bp",19.88,21.04,18.78
"137","E07000116","bp",19.3,20.78,17.91
"138","E07000117","bp",20.85,22.02,19.73
"139","E07000118","bp",21.24,22.7,19.85
"140","E07000119","bp",25.13,26.77,23.56
"141","E07000120","bp",21.58,23.1,20.13
"142","E07000121","bp",19.98,21.4,18.64
"143","E07000122","bp",22.44,23.9,21.05
"144","E07000123","bp",17.16,18.39,16
"145","E07000124","bp",22.57,24.58,20.69
"146","E07000125","bp",21.27,22.71,19.89
"147","E07000126","bp",21.31,22.81,19.89
"148","E07000127","bp",20.93,22.09,19.82
"149","E07000129","bp",21.83,23.07,20.65
"150","E07000130","bp",18.19,19.4,17.04
"151","E07000131","bp",21.53,22.93,20.19
"152","E07000132","bp",22.53,23.87,21.25
"153","E07000133","bp",21,22.24,19.8
"154","E07000134","bp",22.94,24.52,21.43
"155","E07000136","bp",22.46,23.72,21.25
"156","E07000137","bp",27.63,29.07,26.23
"157","E07000138","bp",16.68,17.83,15.59
"158","E07000139","bp",22.6,23.9,21.35
"159","E07000140","bp",24.58,25.91,23.3
"160","E07000141","bp",22.75,24.36,21.21
"161","E07000142","bp",23.76,25.2,22.38
"162","E07000143","bp",22.84,24.11,21.63
"163","E07000144","bp",23.15,24.39,21.96
"164","E07000145","bp",23.8,25.03,22.61
"165","E07000146","bp",23.95,25.22,22.72
"166","E07000147","bp",27.51,28.93,26.13
"167","E07000148","bp",16.14,17.47,14.9
"168","E07000149","bp",21.67,23.07,20.34
"169","E07000150","bp",19.51,20.69,18.39
"170","E07000151","bp",21.29,22.52,20.11
"171","E07000152","bp",21.13,22.27,20.04
"172","E07000153","bp",20.94,22.3,19.65
"173","E07000154","bp",18.08,19.35,16.87
"174","E07000155","bp",21.64,22.96,20.38
"175","E07000156","bp",21.47,22.66,20.32
"176","E07000163","bp",22.74,24.15,21.39
"177","E07000164","bp",23.15,24.59,21.77
"178","E07000165","bp",22.02,23.62,20.5
"179","E07000166","bp",19.63,21.01,18.31
"180","E07000167","bp",23.99,25.39,22.64
"181","E07000168","bp",24.42,25.79,23.11
"182","E07000169","bp",21.26,22.47,20.11
"183","E07000170","bp",22.28,23.57,21.04
"184","E07000171","bp",22.88,24.07,21.74
"185","E07000173","bp",21.6,22.79,20.45
"186","E07000174","bp",22.47,23.66,21.32
"187","E07000175","bp",22.17,23.61,20.8
"188","E07000176","bp",20.27,21.99,18.66
"189","E07000177","bp",21.26,22.64,19.94
"190","E07000178","bp",12.75,14.04,11.56
"191","E07000179","bp",20.12,21.55,18.76
"192","E07000180","bp",20.27,21.94,18.7
"193","E07000181","bp",20.4,21.76,19.1
"194","E07000187","bp",21.24,22.43,20.09
"195","E07000188","bp",23.32,24.58,22.09
"196","E07000189","bp",22.1,23.51,20.76
"197","E07000190","bp",21.28,22.59,20.03
"198","E07000191","bp",25.52,26.87,24.22
"199","E07000192","bp",21.91,23.33,20.55
"200","E07000193","bp",21.81,23.12,20.54
"201","E07000194","bp",22.92,24.53,21.38
"202","E07000195","bp",20.46,21.7,19.28
"203","E07000196","bp",23.13,24.63,21.7
"204","E07000198","bp",24.22,26.01,22.51
"205","E07000199","bp",21.14,22.69,19.67
"206","E07000200","bp",22.91,24.15,21.71
"207","E07000202","bp",18.69,19.8,17.62
"208","E07000203","bp",21.81,23.07,20.59
"209","E07000205","bp",23.12,24.68,21.63
"210","E07000206","bp",25.33,26.78,23.94
"211","E07000207","bp",19.45,20.89,18.08
"212","E07000208","bp",18,19.3,16.77
"213","E07000209","bp",16.75,17.99,15.58
"214","E07000210","bp",21.49,22.92,20.12
"215","E07000211","bp",19.47,20.79,18.22
"216","E07000212","bp",18.46,19.74,17.24
"217","E07000214","bp",20.45,21.95,19.02
"218","E07000215","bp",20.25,21.77,18.82
"219","E07000216","bp",20.92,22.49,19.43
"220","E07000218","bp",23.31,24.63,22.04
"221","E07000219","bp",21.48,22.71,20.29
"222","E07000220","bp",20.24,21.48,19.06
"223","E07000221","bp",23.62,25.14,22.17
"224","E07000222","bp",18.25,19.79,16.81
"225","E07000223","bp",21.81,22.94,20.72
"226","E07000224","bp",24.41,25.76,23.1
"227","E07000225","bp",24.69,26.26,23.19
"228","E07000226","bp",17.08,18.21,16.01
"229","E07000227","bp",20.76,22.11,19.47
"230","E07000229","bp",21.23,22.3,20.19
"231","E07000234","bp",21.51,22.77,20.3
"232","E07000235","bp",23.18,24.51,21.91
"233","E07000236","bp",18.99,20.43,17.63
"234","E07000237","bp",17.95,19.14,16.83
"235","E07000238","bp",23.59,25.24,22.02
"236","E08000001","bp",19.68,20.73,18.67
"237","E08000002","bp",22.42,23.79,21.1
"238","E08000003","bp",14.86,16.35,13.48
"239","E08000004","bp",21.14,22.38,19.94
"240","E08000005","bp",20.74,21.84,19.67
"241","E08000006","bp",18.75,19.93,17.63
"242","E08000007","bp",21.4,22.73,20.13
"243","E08000008","bp",21.78,22.91,20.68
"244","E08000009","bp",18.86,20.19,17.6
"245","E08000010","bp",21.21,22.44,20.04
"246","E08000011","bp",21.48,22.56,20.44
"247","E08000012","bp",18.04,19.34,16.81
"248","E08000013","bp",22.14,23.28,21.03
"249","E08000014","bp",23.26,24.54,22.03
"250","E08000015","bp",22.07,23.28,20.91
"251","E08000016","bp",22.91,24.1,21.75
"252","E08000017","bp",22.35,23.52,21.22
"253","E08000018","bp",22.69,23.82,21.6
"254","E08000019","bp",19.46,21.17,17.84
"255","E08000021","bp",15.68,17.19,14.28
"256","E08000022","bp",21.44,22.58,20.33
"257","E08000023","bp",22.56,23.79,21.38
"258","E08000024","bp",21.83,23.08,20.63
"259","E08000025","bp",18.67,20.07,17.34
"260","E08000026","bp",17.05,18.28,15.89
"261","E08000028","bp",20.47,21.73,19.27
"262","E08000029","bp",22.07,23.43,20.78
"263","E08000030","bp",23.94,25.51,22.43
"264","E08000031","bp",21.76,23.18,20.42
"265","E08000032","bp",19.08,20.22,18
"266","E08000033","bp",21.55,22.76,20.39
"267","E08000034","bp",19.71,20.84,18.63
"268","E08000035","bp",17.14,18.34,16
"269","E08000036","bp",23.02,24.24,21.84
"270","E09000002","bp",18.49,19.88,17.18
"271","E09000003","bp",17.3,18.7,15.98
"272","E09000004","bp",23.35,25.59,21.26
"273","E09000005","bp",15.7,17.04,14.45
"274","E09000006","bp",20.98,22.48,19.56
"275","E09000007","bp",16.16,17.95,14.51
"276","E09000008","bp",20.06,21.85,18.38
"277","E09000009","bp",17.69,19.36,16.13
"278","E09000010","bp",19.92,21.59,18.34
"279","E09000011","bp",17.94,19.9,16.14
"280","E09000012","bp",13.11,14.36,11.96
"281","E09000013","bp",14.96,16.57,13.49
"282","E09000014","bp",16.97,18.86,15.23
"283","E09000015","bp",17.81,19.09,16.61
"284","E09000016","bp",23.11,24.75,21.55
"285","E09000017","bp",19.98,21.77,18.3
"286","E09000018","bp",17.23,18.84,15.72
"287","E09000019","bp",13.52,14.82,12.32
"288","E09000020","bp",15.83,17.31,14.46
"289","E09000021","bp",17.7,19.6,15.95
"290","E09000022","bp",14.55,16.42,12.87
"291","E09000023","bp",16.43,17.9,15.06
"292","E09000024","bp",20.05,22.35,17.92
"293","E09000025","bp",15.23,17.17,13.47
"294","E09000026","bp",16.04,17.23,14.91
"295","E09000027","bp",18.96,21.13,16.97
"296","E09000028","bp",13.61,14.89,12.42
"297","E09000029","bp",21.56,23.6,19.64
"298","E09000030","bp",12.42,13.86,11.11
"299","E09000031","bp",15.91,17.31,14.61
"300","E09000032","bp",13.68,15.05,12.42
"301","E09000033","bp",14.58,16.12,13.17
"302","E06000001","chd",8.6,9.35,7.91
"303","E06000002","chd",7.98,8.79,7.24
"304","E06000003","chd",8.12,8.82,7.47
"305","E06000004","chd",7.46,8.12,6.85
"306","E06000005","chd",8.21,8.87,7.6
"307","E06000006","chd",8.35,9.13,7.63
"308","E06000007","chd",8.34,9.18,7.58
"309","E06000008","chd",8.26,9.04,7.55
"310","E06000009","chd",9.4,10.26,8.6
"311","E06000010","chd",8.03,8.82,7.3
"312","E06000011","chd",7.78,8.45,7.16
"313","E06000012","chd",8.15,8.81,7.54
"314","E06000013","chd",8.12,8.78,7.5
"315","E06000014","chd",7.28,7.98,6.63
"316","E06000015","chd",9.75,10.81,8.79
"317","E06000016","chd",7.61,8.32,6.95
"318","E06000017","chd",10.53,11.59,9.55
"319","E06000018","chd",7.85,8.65,7.12
"320","E06000019","chd",8.44,9.15,7.79
"321","E06000020","chd",8.65,9.35,8
"322","E06000021","chd",8.43,9.23,7.7
"323","E06000022","chd",7.99,8.71,7.32
"324","E06000023","chd",7.59,8.23,6.99
"325","E06000024","chd",7.84,8.53,7.21
"326","E06000025","chd",7.17,7.85,6.55
"327","E06000026","chd",7.81,8.46,7.2
"328","E06000027","chd",8.59,9.29,7.94
"329","E06000028","chd",7.99,8.62,7.4
"330","E06000029","chd",7.66,8.32,7.05
"331","E06000030","chd",7.39,8.05,6.78
"332","E06000031","chd",9.28,10.26,8.38
"333","E06000032","chd",8.2,8.9,7.55
"334","E06000033","chd",8.63,9.3,8.01
"335","E06000034","chd",8.63,9.38,7.93
"336","E06000035","chd",8.01,8.65,7.42
"337","E06000036","chd",7.35,8.06,6.71
"338","E06000037","chd",8.3,9.16,7.52
"339","E06000038","chd",8.73,9.81,7.76
"340","E06000039","chd",8.08,8.88,7.34
"341","E06000040","chd",7.08,7.84,6.38
"342","E06000041","chd",7,7.99,6.13
"343","E06000042","chd",7.61,8.27,6.99
"344","E06000043","chd",7.18,7.78,6.63
"345","E06000044","chd",8.19,8.86,7.56
"346","E06000045","chd",8.08,8.77,7.43
"347","E06000046","chd",8.37,9.09,7.7
"348","E06000047","chd",7.93,8.62,7.28
"349","E06000049","chd",7.71,8.39,7.08
"350","E06000050","chd",7.58,8.24,6.97
"351","E06000051","chd",7.66,8.34,7.03
"352","E06000052","chd",8.17,8.92,7.48
"353","E06000053","chd",7.48,8.61,6.49
"354","E06000054","chd",7.18,7.84,6.56
"355","E06000055","chd",7.55,8.19,6.95
"356","E06000056","chd",8.09,8.88,7.36
"357","E06000057","chd",8.21,8.87,7.59
"358","E07000004","chd",7.76,8.49,7.08
"359","E07000005","chd",7.99,8.89,7.18
"360","E07000006","chd",7.52,8.38,6.74
"361","E07000007","chd",7.24,8,6.55
"362","E07000008","chd",6.92,7.55,6.34
"363","E07000009","chd",7.92,8.62,7.27
"364","E07000010","chd",8.67,9.4,7.99
"365","E07000011","chd",7.43,8.15,6.76
"366","E07000012","chd",7.07,7.85,6.35
"367","E07000026","chd",8.77,9.43,8.15
"368","E07000027","chd",8.11,8.79,7.47
"369","E07000028","chd",7.42,8.09,6.81
"370","E07000029","chd",8.14,8.88,7.46
"371","E07000030","chd",7.88,8.72,7.11
"372","E07000031","chd",8.15,8.95,7.42
"373","E07000032","chd",8.42,9.08,7.79
"374","E07000033","chd",9.18,9.92,8.5
"375","E07000034","chd",8.13,8.8,7.5
"376","E07000035","chd",7.66,8.38,7
"377","E07000036","chd",7.67,8.33,7.07
"378","E07000037","chd",7.25,7.89,6.65
"379","E07000038","chd",8.26,8.94,7.62
"380","E07000039","chd",7.87,8.54,7.24
"381","E07000040","chd",8.84,9.59,8.14
"382","E07000041","chd",6.85,7.47,6.28
"383","E07000042","chd",7.83,8.54,7.17
"384","E07000043","chd",8.26,8.95,7.63
"385","E07000044","chd",6.98,7.69,6.34
"386","E07000045","chd",7.36,8.02,6.75
"387","E07000046","chd",7.76,8.57,7.03
"388","E07000047","chd",7.35,8.12,6.65
"389","E07000048","chd",8.07,8.8,7.4
"390","E07000049","chd",7.84,8.67,7.07
"391","E07000050","chd",7.59,8.35,6.9
"392","E07000051","chd",8.17,9,7.41
"393","E07000052","chd",8.12,8.88,7.42
"394","E07000053","chd",7.57,8.22,6.97
"395","E07000061","chd",8.65,9.34,8.01
"396","E07000062","chd",8.1,8.81,7.45
"397","E07000063","chd",8.12,8.81,7.47
"398","E07000064","chd",7.94,8.65,7.29
"399","E07000065","chd",7.65,8.36,6.99
"400","E07000066","chd",8.13,8.82,7.5
"401","E07000067","chd",8.22,8.92,7.57
"402","E07000068","chd",7.22,7.96,6.53
"403","E07000069","chd",7.98,8.71,7.31
"404","E07000070","chd",7.42,8.12,6.77
"405","E07000071","chd",7.82,8.47,7.22
"406","E07000072","chd",8.08,8.76,7.45
"407","E07000073","chd",8.08,8.94,7.3
"408","E07000074","chd",7.56,8.3,6.89
"409","E07000075","chd",7.61,8.43,6.86
"410","E07000076","chd",8.8,9.54,8.1
"411","E07000077","chd",7.08,7.86,6.37
"412","E07000078","chd",7.57,8.23,6.96
"413","E07000079","chd",8.16,8.91,7.47
"414","E07000080","chd",8.09,8.86,7.37
"415","E07000081","chd",7.8,8.47,7.17
"416","E07000082","chd",6.89,7.58,6.26
"417","E07000083","chd",7.64,8.36,6.98
"418","E07000084","chd",7.49,8.2,6.84
"419","E07000085","chd",7.45,8.26,6.72
"420","E07000086","chd",7.21,7.97,6.52
"421","E07000087","chd",7.79,8.67,6.99
"422","E07000088","chd",7.93,8.63,7.29
"423","E07000089","chd",6.94,7.87,6.11
"424","E07000090","chd",7.7,8.37,7.08
"425","E07000091","chd",7.88,8.66,7.17
"426","E07000092","chd",7.08,7.7,6.5
"427","E07000093","chd",7.31,8.04,6.64
"428","E07000094","chd",6.82,7.58,6.13
"429","E07000095","chd",8.04,8.77,7.37
"430","E07000096","chd",7.19,7.87,6.56
"431","E07000098","chd",7.71,8.39,7.08
"432","E07000099","chd",7.15,7.85,6.5
"433","E07000102","chd",8.13,9.06,7.28
"434","E07000103","chd",7.69,8.39,7.05
"435","E07000105","chd",8.22,8.87,7.62
"436","E07000106","chd",7.63,8.25,7.05
"437","E07000107","chd",7.86,8.5,7.26
"438","E07000108","chd",8.3,8.95,7.69
"439","E07000109","chd",7.53,8.18,6.93
"440","E07000110","chd",7.71,8.37,7.1
"441","E07000111","chd",7.21,7.9,6.57
"442","E07000112","chd",7.87,8.56,7.23
"443","E07000113","chd",7.78,8.48,7.14
"444","E07000114","chd",8.07,8.74,7.44
"445","E07000115","chd",7.22,7.93,6.57
"446","E07000116","chd",6.69,7.38,6.05
"447","E07000117","chd",8.3,9.03,7.61
"448","E07000118","chd",8.04,8.69,7.44
"449","E07000119","chd",8.42,9.15,7.75
"450","E07000120","chd",7.95,8.71,7.25
"451","E07000121","chd",8.1,8.78,7.48
"452","E07000122","chd",8.27,9.02,7.58
"453","E07000123","chd",7.58,8.24,6.97
"454","E07000124","chd",7.1,7.84,6.42
"455","E07000125","chd",7.43,8.1,6.82
"456","E07000126","chd",7.25,7.96,6.61
"457","E07000127","chd",7.32,7.97,6.71
"458","E07000128","chd",9.39,10.16,8.68
"459","E07000129","chd",8.16,8.97,7.41
"460","E07000130","chd",7.39,8.06,6.78
"461","E07000131","chd",7.7,8.53,6.94
"462","E07000132","chd",7.88,8.59,7.22
"463","E07000133","chd",7.38,8.06,6.76
"464","E07000134","chd",8.06,8.88,7.3
"465","E07000135","chd",7.7,8.36,7.08
"466","E07000136","chd",8.98,9.71,8.3
"467","E07000137","chd",9.39,10.22,8.62
"468","E07000138","chd",8.1,8.79,7.47
"469","E07000139","chd",7.92,8.68,7.22
"470","E07000140","chd",8.56,9.36,7.83
"471","E07000141","chd",7.28,7.95,6.66
"472","E07000142","chd",7.56,8.23,6.95
"473","E07000143","chd",8.59,9.32,7.92
"474","E07000144","chd",8.24,8.99,7.55
"475","E07000145","chd",8.65,9.4,7.96
"476","E07000146","chd",8.26,9.01,7.57
"477","E07000147","chd",8.62,9.5,7.81
"478","E07000148","chd",7.08,7.75,6.46
"479","E07000149","chd",7.48,8.2,6.83
"480","E07000150","chd",7.48,8.13,6.87
"481","E07000151","chd",9.13,9.9,8.41
"482","E07000152","chd",7.53,8.22,6.89
"483","E07000153","chd",7.69,8.36,7.06
"484","E07000154","chd",7.1,7.74,6.5
"485","E07000155","chd",7.45,8.31,6.68
"486","E07000156","chd",7.66,8.32,7.04
"487","E07000163","chd",7.1,7.8,6.46
"488","E07000164","chd",7.94,8.67,7.27
"489","E07000165","chd",7.31,8.03,6.64
"490","E07000166","chd",7.33,8.11,6.63
"491","E07000167","chd",8.07,8.88,7.33
"492","E07000168","chd",7.87,8.56,7.24
"493","E07000169","chd",7.3,7.98,6.67
"494","E07000170","chd",8.28,8.98,7.63
"495","E07000171","chd",8,8.68,7.38
"496","E07000172","chd",7.79,8.46,7.17
"497","E07000173","chd",7.46,8.14,6.84
"498","E07000174","chd",7.87,8.6,7.19
"499","E07000175","chd",7.34,7.97,6.75
"500","E07000176","chd",6.66,7.44,5.95
"501","E07000177","chd",8.05,8.86,7.31
"502","E07000178","chd",6.74,7.34,6.19
"503","E07000179","chd",7.19,7.99,6.47
"504","E07000180","chd",7,7.77,6.3
"505","E07000181","chd",7.15,7.98,6.4
"506","E07000187","chd",7.49,8.17,6.87
"507","E07000188","chd",8.48,9.17,7.84
"508","E07000189","chd",7.38,8.07,6.75
"509","E07000190","chd",7.12,7.78,6.51
"510","E07000191","chd",8.07,8.98,7.24
"511","E07000192","chd",8.49,9.17,7.86
"512","E07000193","chd",7.85,8.55,7.21
"513","E07000194","chd",7.98,8.69,7.32
"514","E07000195","chd",7.35,7.99,6.76
"515","E07000196","chd",7.94,8.68,7.26
"516","E07000197","chd",7.93,8.63,7.29
"517","E07000198","chd",7.62,8.32,6.97
"518","E07000199","chd",7.34,7.99,6.73
"519","E07000200","chd",8.89,9.58,8.24
"520","E07000201","chd",8.04,8.8,7.35
"521","E07000202","chd",7.26,7.92,6.66
"522","E07000203","chd",7.4,8.13,6.73
"523","E07000204","chd",8.03,8.73,7.38
"524","E07000205","chd",7.27,7.94,6.66
"525","E07000206","chd",8.82,9.57,8.12
"526","E07000207","chd",7.42,8.34,6.6
"527","E07000208","chd",6.95,7.73,6.23
"528","E07000209","chd",7.33,8.08,6.65
"529","E07000210","chd",7.7,8.5,6.98
"530","E07000211","chd",7.19,7.94,6.5
"531","E07000212","chd",7.47,8.21,6.79
"532","E07000213","chd",7.88,8.57,7.24
"533","E07000214","chd",7.2,8.09,6.4
"534","E07000215","chd",6.97,7.71,6.29
"535","E07000216","chd",7.26,8.17,6.44
"536","E07000217","chd",7.09,7.83,6.41
"537","E07000218","chd",7.81,8.53,7.16
"538","E07000219","chd",7.72,8.4,7.09
"539","E07000220","chd",7.27,7.94,6.65
"540","E07000221","chd",8.31,9.08,7.61
"541","E07000222","chd",6.98,7.67,6.35
"542","E07000223","chd",8.01,8.65,7.41
"543","E07000224","chd",8.56,9.25,7.92
"544","E07000225","chd",8.05,8.84,7.33
"545","E07000226","chd",6.84,7.48,6.26
"546","E07000227","chd",7.1,7.83,6.44
"547","E07000228","chd",7.39,8.24,6.62
"548","E07000229","chd",7.52,8.19,6.9
"549","E07000234","chd",7.68,8.42,7
"550","E07000235","chd",8.22,8.95,7.55
"551","E07000236","chd",7.01,7.62,6.45
"552","E07000237","chd",7.24,7.9,6.64
"553","E07000238","chd",7.69,8.41,7.02
"554","E07000239","chd",9.59,10.53,8.73
"555","E07000240","chd",6.95,7.75,6.23
"556","E07000241","chd",7.1,7.78,6.47
"557","E07000242","chd",7.57,8.42,6.8
"558","E07000243","chd",7.77,8.5,7.1
"559","E08000001","chd",8.54,9.2,7.92
"560","E08000002","chd",9.22,10.02,8.47
"561","E08000003","chd",8.61,9.52,7.78
"562","E08000004","chd",8.63,9.38,7.94
"563","E08000005","chd",8.11,8.89,7.4
"564","E08000006","chd",7.91,8.64,7.24
"565","E08000007","chd",7.85,8.49,7.25
"566","E08000008","chd",8.23,8.95,7.55
"567","E08000009","chd",6.84,7.46,6.27
"568","E08000010","chd",8.1,8.74,7.5
"569","E08000011","chd",9.34,10.23,8.53
"570","E08000012","chd",7.72,8.56,6.95
"571","E08000013","chd",7.93,8.68,7.24
"572","E08000014","chd",7.95,8.63,7.33
"573","E08000015","chd",7.88,8.52,7.29
"574","E08000016","chd",8.92,9.68,8.22
"575","E08000017","chd",8.71,9.42,8.04
"576","E08000018","chd",8.65,9.37,7.99
"577","E08000019","chd",8.78,9.61,8.02
"578","E08000021","chd",7.63,8.25,7.05
"579","E08000022","chd",7.73,8.38,7.12
"580","E08000023","chd",8.09,8.83,7.41
"581","E08000024","chd",7.91,8.63,7.25
"582","E08000025","chd",9.01,9.91,8.2
"583","E08000026","chd",8.35,9.03,7.71
"584","E08000027","chd",10.02,10.87,9.24
"585","E08000028","chd",8.42,9.26,7.65
"586","E08000029","chd",7.76,8.51,7.07
"587","E08000030","chd",9.68,10.62,8.83
"588","E08000031","chd",8.8,9.67,8
"589","E08000032","chd",8.47,9.21,7.79
"590","E08000033","chd",8.31,9.01,7.66
"591","E08000034","chd",8.01,8.67,7.39
"592","E08000035","chd",7.52,8.14,6.93
"593","E08000036","chd",8.35,9.08,7.67
"594","E08000037","chd",8.46,9.14,7.83
"595","E09000002","chd",9.64,10.69,8.68
"596","E09000003","chd",8.25,8.95,7.59
"597","E09000004","chd",10.48,11.84,9.27
"598","E09000005","chd",7.89,8.61,7.22
"599","E09000006","chd",8.64,9.54,7.82
"600","E09000007","chd",8.31,9.21,7.49
"601","E09000008","chd",9.32,10.39,8.35
"602","E09000009","chd",8.77,9.65,7.95
"603","E09000010","chd",8.89,9.81,8.06
"604","E09000011","chd",8.61,9.6,7.71
"605","E09000012","chd",7.81,8.69,7.01
"606","E09000013","chd",7.59,8.42,6.84
"607","E09000014","chd",8.65,9.79,7.63
"608","E09000015","chd",7.29,7.99,6.64
"609","E09000016","chd",8.72,9.65,7.88
"610","E09000017","chd",9.12,10.22,8.13
"611","E09000018","chd",8.34,9.22,7.53
"612","E09000019","chd",7.61,8.48,6.82
"613","E09000020","chd",7.24,7.95,6.58
"614","E09000021","chd",8.43,9.42,7.53
"615","E09000022","chd",8.12,9.09,7.24
"616","E09000023","chd",8.17,9.05,7.36
"617","E09000024","chd",9.33,10.71,8.12
"618","E09000025","chd",9.32,10.58,8.2
"619","E09000026","chd",7.63,8.33,6.98
"620","E09000027","chd",7.31,8.32,6.4
"621","E09000028","chd",7.11,7.86,6.42
"622","E09000029","chd",8.72,9.89,7.68
"623","E09000030","chd",7.83,8.85,6.91
"624","E09000031","chd",7.71,8.56,6.94
"625","E09000032","chd",7.41,8.25,6.64
"626","E09000033","chd",7.09,7.75,6.48
"627","E06000001","copd",3.07,3.1,3.03
"628","E06000002","copd",2.53,2.56,2.5
"629","E06000003","copd",2.98,3.02,2.95
"630","E06000004","copd",2.52,2.55,2.49
"631","E06000005","copd",2.88,2.91,2.84
"632","E06000007","copd",2.6,2.63,2.57
"633","E06000008","copd",2.15,2.18,2.13
"634","E06000009","copd",3.24,3.27,3.2
"635","E06000010","copd",2.48,2.51,2.45
"636","E06000011","copd",3.26,3.29,3.22
"637","E06000012","copd",3,3.04,2.97
"638","E06000013","copd",3,3.04,2.97
"639","E06000014","copd",2.13,2.16,2.1
"640","E06000015","copd",2.15,2.18,2.12
"641","E06000016","copd",1.68,1.7,1.66
"642","E06000017","copd",2.77,2.8,2.74
"643","E06000018","copd",1.86,1.89,1.84
"644","E06000019","copd",2.99,3.02,2.95
"645","E06000020","copd",2.41,2.44,2.39
"646","E06000021","copd",2.47,2.5,2.44
"647","E06000022","copd",2.48,2.51,2.45
"648","E06000023","copd",1.93,1.96,1.91
"649","E06000024","copd",2.99,3.03,2.96
"650","E06000025","copd",2.47,2.49,2.44
"651","E06000026","copd",2.52,2.55,2.49
"652","E06000027","copd",3.66,3.7,3.62
"653","E06000028","copd",2.47,2.5,2.44
"654","E06000029","copd",3.01,3.05,2.96
"655","E06000030","copd",2.12,2.14,2.09
"656","E06000031","copd",2.16,2.19,2.14
"657","E06000032","copd",1.66,1.68,1.64
"658","E06000033","copd",2.67,2.7,2.64
"659","E06000034","copd",2.22,2.25,2.2
"660","E06000035","copd",2.27,2.3,2.25
"661","E06000036","copd",1.79,1.82,1.76
"662","E06000037","copd",2.1,2.13,2.07
"663","E06000038","copd",1.54,1.56,1.51
"664","E06000039","copd",1.23,1.25,1.21
"665","E06000040","copd",2.09,2.13,2.06
"666","E06000041","copd",1.96,1.99,1.92
"667","E06000042","copd",1.9,1.93,1.88
"668","E06000043","copd",2.18,2.21,2.15
"669","E06000044","copd",1.96,1.99,1.93
"670","E06000045","copd",1.78,1.8,1.75
"671","E06000046","copd",2.88,2.93,2.84
"672","E06000047","copd",2.84,2.87,2.81
"673","E06000049","copd",2.75,2.78,2.72
"674","E06000050","copd",3,3.04,2.97
"675","E06000051","copd",3.05,3.08,3.02
"676","E06000052","copd",3.4,3.44,3.36
"677","E06000054","copd",2.51,2.55,2.48
"678","E06000055","copd",2.15,2.17,2.12
"679","E06000056","copd",2.13,2.16,2.1
"680","E07000004","copd",2.05,2.08,2.03
"681","E07000005","copd",2.37,2.4,2.34
"682","E07000006","copd",2.63,2.66,2.6
"683","E07000007","copd",2,2.03,1.98
"684","E07000008","copd",1.64,1.66,1.61
"685","E07000009","copd",2.72,2.75,2.68
"686","E07000010","copd",3.1,3.14,3.07
"687","E07000011","copd",2.5,2.53,2.47
"688","E07000012","copd",2.27,2.3,2.24
"689","E07000026","copd",3.32,3.36,3.29
"690","E07000027","copd",3.06,3.09,3.02
"691","E07000028","copd",3.24,3.28,3.2
"692","E07000029","copd",3.1,3.14,3.07
"693","E07000030","copd",3.25,3.28,3.21
"694","E07000031","copd",3.46,3.5,3.42
"695","E07000032","copd",2.76,2.79,2.73
"696","E07000033","copd",2.92,2.95,2.89
"697","E07000034","copd",2.94,2.97,2.9
"698","E07000035","copd",3.17,3.2,3.13
"699","E07000036","copd",2.59,2.62,2.56
"700","E07000039","copd",2.52,2.55,2.5
"701","E07000040","copd",3.37,3.41,3.33
"702","E07000041","copd",2.2,2.23,2.17
"703","E07000042","copd",2.9,2.93,2.86
"704","E07000043","copd",3.17,3.2,3.13
"705","E07000044","copd",3,3.04,2.96
"706","E07000045","copd",3.2,3.24,3.17
"707","E07000046","copd",3.15,3.19,3.12
"708","E07000047","copd",3.85,3.9,3.8
"709","E07000048","copd",3.72,3.77,3.68
"710","E07000049","copd",3.27,3.31,3.23
"711","E07000050","copd",3.2,3.24,3.16
"712","E07000051","copd",3.24,3.27,3.2
"713","E07000052","copd",3.4,3.44,3.36
"714","E07000053","copd",3.72,3.76,3.67
"715","E07000061","copd",3.49,3.53,3.45
"716","E07000062","copd",3.07,3.1,3.03
"717","E07000063","copd",3.33,3.36,3.29
"718","E07000064","copd",3.75,3.79,3.71
"719","E07000065","copd",3.47,3.51,3.43
"720","E07000066","copd",2.48,2.51,2.45
"721","E07000067","copd",2.61,2.64,2.58
"722","E07000068","copd",2.73,2.77,2.69
"723","E07000069","copd",3.23,3.26,3.19
"724","E07000070","copd",2.3,2.32,2.27
"725","E07000071","copd",2.21,2.24,2.19
"726","E07000072","copd",2.59,2.62,2.56
"727","E07000074","copd",3.14,3.17,3.1
"728","E07000075","copd",3.23,3.27,3.19
"729","E07000076","copd",3.55,3.59,3.51
"730","E07000077","copd",2.54,2.57,2.51
"731","E07000078","copd",2.31,2.34,2.29
"732","E07000079","copd",2.89,2.93,2.86
"733","E07000080","copd",3.13,3.17,3.09
"734","E07000081","copd",2.23,2.26,2.21
"735","E07000082","copd",2.72,2.75,2.69
"736","E07000083","copd",2.88,2.91,2.84
"737","E07000084","copd",2.05,2.08,2.02
"738","E07000085","copd",2.7,2.73,2.66
"739","E07000086","copd",2.36,2.39,2.33
"740","E07000087","copd",2.43,2.46,2.4
"741","E07000088","copd",2.4,2.43,2.38
"742","E07000089","copd",2.28,2.31,2.25
"743","E07000090","copd",2.94,2.98,2.9
"744","E07000091","copd",3.14,3.18,3.11
"745","E07000092","copd",2.14,2.17,2.11
"746","E07000093","copd",2.15,2.18,2.12
"747","E07000094","copd",2.68,2.72,2.65
"748","E07000095","copd",2.19,2.22,2.17
"749","E07000096","copd",2.48,2.51,2.45
"750","E07000098","copd",2.46,2.49,2.43
"751","E07000099","copd",2.55,2.58,2.51
"752","E07000105","copd",2.61,2.64,2.58
"753","E07000106","copd",2.67,2.7,2.64
"754","E07000107","copd",2.31,2.34,2.28
"755","E07000108","copd",3.39,3.43,3.35
"756","E07000109","copd",2.59,2.62,2.56
"757","E07000110","copd",2.23,2.25,2.2
"758","E07000111","copd",2.94,2.97,2.9
"759","E07000112","copd",3.1,3.14,3.07
"760","E07000113","copd",2.62,2.65,2.59
"761","E07000114","copd",3.6,3.65,3.56
"762","E07000115","copd",2.46,2.49,2.43
"763","E07000116","copd",2.81,2.85,2.77
"764","E07000117","copd",3.02,3.05,2.98
"765","E07000118","copd",3.01,3.05,2.98
"766","E07000119","copd",3.73,3.77,3.68
"767","E07000120","copd",3.13,3.17,3.09
"768","E07000121","copd",2.95,2.99,2.92
"769","E07000122","copd",2.79,2.82,2.76
"770","E07000123","copd",2.33,2.36,2.3
"771","E07000124","copd",3.55,3.6,3.49
"772","E07000125","copd",3.28,3.32,3.24
"773","E07000126","copd",2.98,3.02,2.94
"774","E07000127","copd",2.67,2.7,2.64
"775","E07000129","copd",2.49,2.51,2.46
"776","E07000130","copd",2.34,2.36,2.31
"777","E07000131","copd",2.26,2.29,2.24
"778","E07000132","copd",2.82,2.85,2.79
"779","E07000133","copd",2.48,2.5,2.45
"780","E07000134","copd",2.61,2.65,2.57
"781","E07000136","copd",3.05,3.09,3.02
"782","E07000137","copd",4.09,4.14,4.05
"783","E07000138","copd",2.27,2.29,2.24
"784","E07000139","copd",3.03,3.06,3
"785","E07000140","copd",3.1,3.13,3.06
"786","E07000141","copd",3.36,3.4,3.32
"787","E07000142","copd",3.36,3.4,3.32
"788","E07000143","copd",2.9,2.94,2.87
"789","E07000144","copd",3.07,3.1,3.04
"790","E07000145","copd",3.34,3.38,3.31
"791","E07000146","copd",3.17,3.21,3.14
"792","E07000147","copd",4.19,4.23,4.15
"793","E07000148","copd",2.5,2.53,2.47
"794","E07000149","copd",2.61,2.64,2.57
"795","E07000150","copd",2.32,2.35,2.29
"796","E07000151","copd",2.51,2.54,2.49
"797","E07000152","copd",2.26,2.29,2.23
"798","E07000153","copd",2.26,2.29,2.22
"799","E07000154","copd",2.28,2.31,2.25
"800","E07000155","copd",2.82,2.85,2.78
"801","E07000156","copd",2.89,2.92,2.86
"802","E07000163","copd",3.13,3.18,3.09
"803","E07000164","copd",3.42,3.46,3.39
"804","E07000165","copd",3.37,3.41,3.34
"805","E07000166","copd",3.09,3.12,3.05
"806","E07000167","copd",3.75,3.79,3.71
"807","E07000168","copd",3.77,3.82,3.73
"808","E07000169","copd",2.85,2.89,2.82
"809","E07000170","copd",3.01,3.04,2.97
"810","E07000171","copd",2.77,2.8,2.74
"811","E07000173","copd",2.9,2.93,2.87
"812","E07000174","copd",2.96,2.99,2.92
"813","E07000175","copd",3.32,3.36,3.28
"814","E07000176","copd",3.34,3.39,3.3
"815","E07000177","copd",2.67,2.7,2.63
"816","E07000178","copd",1.72,1.74,1.69
"817","E07000179","copd",2.79,2.82,2.75
"818","E07000180","copd",2.97,3.02,2.93
"819","E07000181","copd",2.62,2.65,2.58
"820","E07000187","copd",2.82,2.85,2.78
"821","E07000188","copd",3.17,3.21,3.14
"822","E07000189","copd",2.82,2.85,2.79
"823","E07000190","copd",2.75,2.78,2.71
"824","E07000191","copd",3.77,3.81,3.72
"825","E07000192","copd",2.83,2.87,2.8
"826","E07000193","copd",2.79,2.82,2.76
"827","E07000194","copd",3.19,3.23,3.15
"828","E07000195","copd",2.96,2.99,2.93
"829","E07000196","copd",3.36,3.4,3.32
"830","E07000198","copd",3.67,3.72,3.62
"831","E07000199","copd",2.87,2.91,2.83
"832","E07000200","copd",2.78,2.82,2.74
"833","E07000202","copd",2.15,2.18,2.12
"834","E07000203","copd",2.68,2.71,2.64
"835","E07000205","copd",3.3,3.34,3.26
"836","E07000206","copd",2.97,3.01,2.92
"837","E07000207","copd",1.92,1.95,1.9
"838","E07000208","copd",1.97,2,1.93
"839","E07000209","copd",2.18,2.21,2.16
"840","E07000210","copd",2.52,2.55,2.49
"841","E07000211","copd",2.06,2.09,2.04
"842","E07000212","copd",2.27,2.29,2.24
"843","E07000214","copd",2.51,2.55,2.48
"844","E07000215","copd",2.31,2.34,2.27
"845","E07000216","copd",2.43,2.46,2.4
"846","E07000218","copd",3.15,3.19,3.12
"847","E07000219","copd",2.39,2.42,2.35
"848","E07000220","copd",2.6,2.62,2.57
"849","E07000221","copd",3.31,3.34,3.27
"850","E07000222","copd",2.56,2.59,2.53
"851","E07000223","copd",3.3,3.34,3.26
"852","E07000224","copd",3.39,3.43,3.35
"853","E07000225","copd",3.95,4,3.9
"854","E07000226","copd",2.11,2.14,2.07
"855","E07000227","copd",2.66,2.69,2.62
"856","E07000229","copd",2.84,2.87,2.81
"857","E07000234","copd",2.49,2.52,2.46
"858","E07000235","copd",3.33,3.36,3.29
"859","E07000236","copd",1.98,2.02,1.93
"860","E07000237","copd",1.86,1.89,1.84
"861","E07000238","copd",3.31,3.35,3.27
"862","E08000001","copd",2.52,2.55,2.5
"863","E08000002","copd",2.65,2.68,2.63
"864","E08000003","copd",1.66,1.69,1.64
"865","E08000004","copd",2.6,2.63,2.56
"866","E08000005","copd",2.42,2.45,2.39
"867","E08000006","copd",2.49,2.52,2.46
"868","E08000007","copd",2.98,3.01,2.94
"869","E08000008","copd",2.77,2.8,2.74
"870","E08000009","copd",2.75,2.79,2.72
"871","E08000010","copd",2.97,3,2.93
"872","E08000011","copd",2.95,2.99,2.92
"873","E08000012","copd",2.35,2.38,2.32
"874","E08000013","copd",2.7,2.73,2.67
"875","E08000014","copd",3.24,3.27,3.2
"876","E08000015","copd",3.08,3.11,3.04
"877","E08000016","copd",2.89,2.92,2.86
"878","E08000017","copd",2.74,2.78,2.71
"879","E08000018","copd",2.76,2.79,2.73
"880","E08000019","copd",2.19,2.21,2.16
"881","E08000021","copd",1.92,1.95,1.89
"882","E08000022","copd",2.48,2.51,2.45
"883","E08000023","copd",3.1,3.13,3.07
"884","E08000024","copd",2.94,2.98,2.91
"885","E08000025","copd",1.95,1.98,1.93
"886","E08000026","copd",1.78,1.8,1.76
"887","E08000028","copd",2.35,2.38,2.32
"888","E08000029","copd",2.72,2.75,2.69
"889","E08000030","copd",2.96,3,2.93
"890","E08000031","copd",2.5,2.53,2.47
"891","E08000032","copd",2.08,2.11,2.06
"892","E08000033","copd",2.63,2.66,2.6
"893","E08000034","copd",2.33,2.36,2.3
"894","E08000035","copd",2.21,2.24,2.18
"895","E08000036","copd",2.6,2.63,2.57
"896","E09000002","copd",1.61,1.63,1.59
"897","E09000003","copd",1.83,1.85,1.8
"898","E09000004","copd",1.85,1.88,1.82
"899","E09000005","copd",1.62,1.64,1.59
"900","E09000006","copd",2.12,2.15,2.09
"901","E09000007","copd",1.9,1.92,1.87
"902","E09000008","copd",1.7,1.73,1.68
"903","E09000009","copd",1.54,1.56,1.52
"904","E09000010","copd",1.72,1.74,1.7
"905","E09000011","copd",1.41,1.43,1.38
"906","E09000012","copd",1.28,1.3,1.26
"907","E09000013","copd",1.66,1.69,1.64
"908","E09000014","copd",1.47,1.49,1.45
"909","E09000015","copd",1.84,1.86,1.81
"910","E09000016","copd",2.67,2.71,2.64
"911","E09000017","copd",1.79,1.81,1.77
"912","E09000018","copd",1.41,1.43,1.39
"913","E09000019","copd",1.42,1.45,1.4
"914","E09000020","copd",2.16,2.19,2.14
"915","E09000021","copd",1.64,1.66,1.61
"916","E09000022","copd",1.25,1.27,1.23
"917","E09000023","copd",1.4,1.42,1.38
"918","E09000024","copd",1.49,1.51,1.47
"919","E09000025","copd",1.11,1.12,1.09
"920","E09000026","copd",1.5,1.52,1.49
"921","E09000027","copd",1.91,1.93,1.88
"922","E09000028","copd",1.28,1.3,1.26
"923","E09000029","copd",1.85,1.87,1.83
"924","E09000030","copd",1.05,1.07,1.03
"925","E09000031","copd",1.5,1.52,1.48
"926","E09000032","copd",1.32,1.34,1.3
"927","E09000033","copd",1.79,1.82,1.77
"928","E06000001","depression",17.22,18.82,15.73
"929","E06000002","depression",16.75,18.26,15.35
"930","E06000003","depression",16.82,18.23,15.5
"931","E06000004","depression",16.67,18.1,15.33
"932","E06000005","depression",17.24,18.77,15.82
"933","E06000007","depression",14.64,16.34,13.09
"934","E06000008","depression",17.41,18.85,16.06
"935","E06000009","depression",16.45,17.79,15.19
"936","E06000010","depression",17.29,18.77,15.91
"937","E06000011","depression",16.24,17.64,14.94
"938","E06000012","depression",16.3,17.64,15.04
"939","E06000013","depression",17.04,18.54,15.65
"940","E06000014","depression",14.82,16.31,13.45
"941","E06000015","depression",11.56,13.32,10.01
"942","E06000016","depression",15.91,17.35,14.57
"943","E06000017","depression",12.55,13.86,11.34
"944","E06000018","depression",16.75,18.46,15.17
"945","E06000019","depression",15.43,16.77,14.19
"946","E06000020","depression",16.48,17.9,15.15
"947","E06000021","depression",17.39,18.78,16.09
"948","E06000022","depression",14.21,15.55,12.97
"949","E06000023","depression",16.05,17.6,14.6
"950","E06000024","depression",15.65,17.01,14.39
"951","E06000025","depression",15.4,16.74,14.16
"952","E06000026","depression",16.18,17.6,14.85
"953","E06000027","depression",15.72,17.02,14.5
"954","E06000028","depression",15.45,16.8,14.18
"955","E06000029","depression",14.1,15.53,12.79
"956","E06000030","depression",16.03,17.5,14.67
"957","E06000031","depression",11.65,13.16,10.29
"958","E06000032","depression",15.16,16.63,13.79
"959","E06000033","depression",14.77,16,13.63
"960","E06000034","depression",15.46,16.91,14.11
"961","E06000035","depression",15.48,16.82,14.22
"962","E06000036","depression",14.85,16.39,13.43
"963","E06000037","depression",12.55,13.92,11.3
"964","E06000038","depression",10.12,12.04,8.48
"965","E06000039","depression",13.35,14.77,12.05
"966","E06000040","depression",13.32,14.84,11.94
"967","E06000041","depression",12.51,14.05,11.12
"968","E06000042","depression",14.78,16.12,13.53
"969","E06000043","depression",14.38,15.74,13.12
"970","E06000044","depression",14.46,15.96,13.07
"971","E06000045","depression",15.53,17.11,14.07
"972","E06000046","depression",14.54,16,13.19
"973","E06000047","depression",17.24,18.65,15.92
"974","E06000049","depression",15.05,16.35,13.84
"975","E06000050","depression",17.29,18.9,15.78
"976","E06000051","depression",15.78,17.06,14.57
"977","E06000052","depression",16.38,17.74,15.11
"978","E06000054","depression",15.28,16.68,13.97
"979","E06000055","depression",15.16,16.55,13.86
"980","E06000056","depression",14.24,15.71,12.89
"981","E07000004","depression",14.94,16.35,13.63
"982","E07000005","depression",13.66,15.07,12.35
"983","E07000006","depression",13.69,15.03,12.45
"984","E07000007","depression",14.8,16.35,13.37
"985","E07000008","depression",15.07,16.71,13.56
"986","E07000009","depression",15.56,16.97,14.25
"987","E07000010","depression",16.22,17.63,14.9
"988","E07000011","depression",15.78,17.17,14.49
"989","E07000012","depression",14.53,15.91,13.25
"990","E07000026","depression",17.05,18.49,15.7
"991","E07000027","depression",16.35,17.62,15.16
"992","E07000028","depression",16.93,18.58,15.4
"993","E07000029","depression",17.59,19.06,16.22
"994","E07000030","depression",15.91,17.28,14.62
"995","E07000031","depression",14.43,15.73,13.23
"996","E07000032","depression",16.91,18.31,15.59
"997","E07000033","depression",17.69,19.1,16.36
"998","E07000034","depression",16.39,17.72,15.14
"999","E07000035","depression",15.44,16.85,14.13
"1000","E07000036","depression",14.75,16.12,13.48
"1001","E07000039","depression",16.33,17.72,15.02
"1002","E07000040","depression",14.66,15.96,13.44
"1003","E07000041","depression",15.39,16.96,13.94
"1004","E07000042","depression",15.7,17.04,14.45
"1005","E07000043","depression",15.85,17.17,14.61
"1006","E07000044","depression",14.87,16.25,13.58
"1007","E07000045","depression",15.38,16.69,14.15
"1008","E07000046","depression",15.41,16.81,14.11
"1009","E07000047","depression",17.6,19.9,15.5
"1010","E07000048","depression",14.92,16.27,13.66
"1011","E07000049","depression",15.05,16.37,13.81
"1012","E07000050","depression",15.23,16.64,13.92
"1013","E07000051","depression",16.01,17.37,14.73
"1014","E07000052","depression",15.22,16.61,13.92
"1015","E07000053","depression",16.7,18.34,15.18
"1016","E07000061","depression",15.26,16.5,14.09
"1017","E07000062","depression",16.63,17.98,15.36
"1018","E07000063","depression",16,17.36,14.72
"1019","E07000064","depression",15.78,17.09,14.56
"1020","E07000065","depression",14.67,15.95,13.47
"1021","E07000066","depression",17.11,18.6,15.71
"1022","E07000067","depression",15.96,17.38,14.63
"1023","E07000068","depression",16.7,18.61,14.95
"1024","E07000069","depression",16.66,18.15,15.28
"1025","E07000070","depression",14.82,16.08,13.64
"1026","E07000071","depression",15.28,16.76,13.91
"1027","E07000072","depression",14.93,16.23,13.73
"1028","E07000074","depression",16.14,17.58,14.79
"1029","E07000075","depression",17.06,18.87,15.39
"1030","E07000076","depression",16.15,17.4,14.97
"1031","E07000077","depression",15.38,16.87,14
"1032","E07000078","depression",15.29,16.67,14.01
"1033","E07000079","depression",14.8,16.21,13.49
"1034","E07000080","depression",14.98,16.38,13.69
"1035","E07000081","depression",16.45,17.89,15.11
"1036","E07000082","depression",15.35,16.74,14.05
"1037","E07000083","depression",16.08,17.57,14.7
"1038","E07000084","depression",15.35,16.81,14.01
"1039","E07000085","depression",14.95,16.32,13.68
"1040","E07000086","depression",15.18,16.59,13.86
"1041","E07000087","depression",15.06,16.51,13.72
"1042","E07000088","depression",15.86,17.31,14.51
"1043","E07000089","depression",14.34,15.73,13.06
"1044","E07000090","depression",15.55,17.06,14.16
"1045","E07000091","depression",14.05,15.38,12.82
"1046","E07000092","depression",15.41,16.97,13.97
"1047","E07000093","depression",14.64,16.31,13.11
"1048","E07000094","depression",14.98,16.45,13.62
"1049","E07000095","depression",14.99,16.48,13.61
"1050","E07000096","depression",15.33,16.8,13.97
"1051","E07000098","depression",14.77,16.22,13.43
"1052","E07000099","depression",14.14,15.77,12.65
"1053","E07000105","depression",15.26,16.63,13.98
"1054","E07000106","depression",14,15.42,12.7
"1055","E07000107","depression",15.43,16.82,14.14
"1056","E07000108","depression",13.85,15.05,12.73
"1057","E07000109","depression",16.27,17.7,14.92
"1058","E07000110","depression",15.23,16.58,13.97
"1059","E07000111","depression",14.92,16.24,13.68
"1060","E07000112","depression",15.76,17.11,14.51
"1061","E07000113","depression",15.94,17.31,14.65
"1062","E07000114","depression",16.43,17.78,15.17
"1063","E07000115","depression",14.39,15.75,13.13
"1064","E07000116","depression",15.11,16.83,13.54
"1065","E07000117","depression",17.53,19.01,16.15
"1066","E07000118","depression",17.71,19.56,16.01
"1067","E07000119","depression",16.43,18.25,14.76
"1068","E07000120","depression",17.98,20.26,15.9
"1069","E07000121","depression",14.91,16.56,13.4
"1070","E07000122","depression",16.63,18.33,15.07
"1071","E07000123","depression",17.29,19.03,15.68
"1072","E07000124","depression",17.48,20.25,15.01
"1073","E07000125","depression",18.4,20.41,16.54
"1074","E07000126","depression",17.01,18.89,15.28
"1075","E07000127","depression",16.34,17.91,14.88
"1076","E07000129","depression",15.02,16.41,13.73
"1077","E07000130","depression",15.28,16.69,13.97
"1078","E07000131","depression",15.51,17.03,14.1
"1079","E07000132","depression",17.1,18.64,15.67
"1080","E07000133","depression",15.93,17.44,14.53
"1081","E07000134","depression",13.92,15.56,12.42
"1082","E07000136","depression",16.79,18.32,15.36
"1083","E07000137","depression",17.51,19.05,16.08
"1084","E07000138","depression",16.64,18.35,15.06
"1085","E07000139","depression",16.57,18.16,15.1
"1086","E07000140","depression",16.31,17.73,14.99
"1087","E07000141","depression",17.39,19.36,15.58
"1088","E07000142","depression",16.59,18.45,14.88
"1089","E07000143","depression",15.67,16.96,14.47
"1090","E07000144","depression",15.39,16.77,14.11
"1091","E07000145","depression",16.74,18.12,15.44
"1092","E07000146","depression",15.5,16.78,14.3
"1093","E07000147","depression",15.94,17.29,14.68
"1094","E07000148","depression",16.86,18.67,15.19
"1095","E07000149","depression",14.98,16.45,13.62
"1096","E07000150","depression",16.72,18.17,15.36
"1097","E07000151","depression",16.5,17.99,15.12
"1098","E07000152","depression",14.31,15.73,13
"1099","E07000153","depression",14.01,15.52,12.63
"1100","E07000154","depression",16.34,17.9,14.88
"1101","E07000155","depression",14.83,16.3,13.48
"1102","E07000156","depression",16.83,18.25,15.5
"1103","E07000163","depression",15.43,17.06,13.93
"1104","E07000164","depression",16.2,17.61,14.88
"1105","E07000165","depression",16.06,17.62,14.61
"1106","E07000166","depression",17.59,19.45,15.86
"1107","E07000167","depression",15.43,17.33,13.71
"1108","E07000168","depression",16.14,17.6,14.78
"1109","E07000169","depression",15.86,17.43,14.4
"1110","E07000170","depression",17.81,19.5,16.24
"1111","E07000171","depression",15.72,17.06,14.47
"1112","E07000173","depression",15.04,16.48,13.71
"1113","E07000174","depression",17.03,18.41,15.74
"1114","E07000175","depression",16.19,17.96,14.57
"1115","E07000176","depression",16.24,18.35,14.33
"1116","E07000177","depression",13.52,14.92,12.23
"1117","E07000178","depression",13.62,15.27,12.13
"1118","E07000179","depression",13.89,15.37,12.52
"1119","E07000180","depression",14.57,16.4,12.92
"1120","E07000181","depression",13.66,15,12.42
"1121","E07000187","depression",15.06,16.45,13.77
"1122","E07000188","depression",15.8,17.14,14.55
"1123","E07000189","depression",14.67,15.94,13.49
"1124","E07000190","depression",13.97,15.28,12.75
"1125","E07000191","depression",14.11,15.46,12.86
"1126","E07000192","depression",17.05,19.07,15.2
"1127","E07000193","depression",16.4,18.05,14.88
"1128","E07000194","depression",16.35,18.28,14.6
"1129","E07000195","depression",16.41,18.08,14.87
"1130","E07000196","depression",15.72,17.41,14.17
"1131","E07000198","depression",17.66,20.13,15.43
"1132","E07000199","depression",17.28,19.39,15.36
"1133","E07000200","depression",13.87,15.19,12.64
"1134","E07000202","depression",14.85,16.2,13.59
"1135","E07000203","depression",13.89,15.29,12.61
"1136","E07000205","depression",14.68,15.98,13.48
"1137","E07000206","depression",13.37,14.78,12.08
"1138","E07000207","depression",13.7,15.07,12.43
"1139","E07000208","depression",13.13,14.62,11.78
"1140","E07000209","depression",14.6,15.94,13.35
"1141","E07000210","depression",14.08,15.49,12.79
"1142","E07000211","depression",14.11,15.58,12.77
"1143","E07000212","depression",14.05,15.42,12.79
"1144","E07000214","depression",14.61,16.22,13.14
"1145","E07000215","depression",14.42,16.09,12.89
"1146","E07000216","depression",13.63,15.03,12.34
"1147","E07000218","depression",16.78,18.67,15.06
"1148","E07000219","depression",15.2,16.77,13.75
"1149","E07000220","depression",16.19,17.77,14.73
"1150","E07000221","depression",14.91,16.28,13.64
"1151","E07000222","depression",15.94,17.63,14.38
"1152","E07000223","depression",15.23,16.57,13.98
"1153","E07000224","depression",14.88,16.2,13.66
"1154","E07000225","depression",13.5,14.96,12.17
"1155","E07000226","depression",15.05,16.57,13.64
"1156","E07000227","depression",14.43,15.83,13.14
"1157","E07000229","depression",15.05,16.34,13.84
"1158","E07000234","depression",15.71,17.06,14.45
"1159","E07000235","depression",14.77,16.23,13.42
"1160","E07000236","depression",14.89,16.95,13.04
"1161","E07000237","depression",15.41,17.04,13.91
"1162","E07000238","depression",17.33,19.17,15.63
"1163","E08000001","depression",16.16,17.53,14.89
"1164","E08000002","depression",13.51,14.84,12.28
"1165","E08000003","depression",15.28,16.95,13.75
"1166","E08000004","depression",15.82,17.48,14.28
"1167","E08000005","depression",16.64,18.05,15.32
"1168","E08000006","depression",17.41,19,15.94
"1169","E08000007","depression",15.85,17.29,14.51
"1170","E08000008","depression",16.39,17.87,15.01
"1171","E08000009","depression",16.4,18.07,14.86
"1172","E08000010","depression",18.29,19.99,16.7
"1173","E08000011","depression",15.78,17.12,14.53
"1174","E08000012","depression",17.84,19.55,16.25
"1175","E08000013","depression",17.69,19.29,16.2
"1176","E08000014","depression",17.35,18.95,15.86
"1177","E08000015","depression",16.48,18.2,14.89
"1178","E08000016","depression",17.57,19.16,16.08
"1179","E08000017","depression",16.14,17.65,14.74
"1180","E08000018","depression",15.65,17.15,14.26
"1181","E08000019","depression",13.14,14.84,11.6
"1182","E08000021","depression",14.89,16.49,13.43
"1183","E08000022","depression",15.82,17.26,14.47
"1184","E08000023","depression",17.34,19,15.79
"1185","E08000024","depression",17.81,19.54,16.2
"1186","E08000025","depression",14.73,16.54,13.08
"1187","E08000026","depression",15.33,16.91,13.87
"1188","E08000028","depression",17.2,18.88,15.64
"1189","E08000029","depression",14.16,15.64,12.8
"1190","E08000030","depression",15.08,16.75,13.54
"1191","E08000031","depression",16.44,18.31,14.73
"1192","E08000032","depression",15.83,17.34,14.44
"1193","E08000033","depression",14.66,16.03,13.39
"1194","E08000034","depression",14.42,15.72,13.21
"1195","E08000035","depression",14.76,16.07,13.54
"1196","E08000036","depression",15.29,16.63,14.03
"1197","E09000002","depression",13.95,15.45,12.57
"1198","E09000003","depression",13.34,14.59,12.18
"1199","E09000004","depression",9.16,11.01,7.59
"1200","E09000005","depression",14.66,15.95,13.45
"1201","E09000006","depression",11.99,13.34,10.76
"1202","E09000007","depression",11.27,12.94,9.78
"1203","E09000008","depression",10.89,12.56,9.42
"1204","E09000009","depression",11.6,12.87,10.45
"1205","E09000010","depression",11.57,12.81,10.44
"1206","E09000011","depression",10.84,12.32,9.52
"1207","E09000012","depression",12.71,14.06,11.48
"1208","E09000013","depression",11,12.29,9.84
"1209","E09000014","depression",10.93,12.93,9.2
"1210","E09000015","depression",14.97,16.43,13.62
"1211","E09000016","depression",12.99,14.73,11.44
"1212","E09000017","depression",11.82,13.61,10.24
"1213","E09000018","depression",12.47,13.81,11.24
"1214","E09000019","depression",13.44,14.85,12.15
"1215","E09000020","depression",13.51,14.92,12.2
"1216","E09000021","depression",10.13,11.42,8.97
"1217","E09000022","depression",10.26,11.55,9.1
"1218","E09000023","depression",12.31,13.7,11.04
"1219","E09000024","depression",8.63,10.66,6.95
"1220","E09000025","depression",11.1,13.12,9.35
"1221","E09000026","depression",14.84,16.15,13.61
"1222","E09000027","depression",9.68,10.97,8.53
"1223","E09000028","depression",13.8,15.24,12.48
"1224","E09000029","depression",10.91,12.87,9.22
"1225","E09000030","depression",11.12,12.56,9.83
"1226","E09000031","depression",12.93,14.26,11.7
"1227","E09000032","depression",11.12,12.48,9.9
"1228","E09000033","depression",15.88,17.49,14.4
"1229","E06000001","pad",1.23,1.56,0.96
"1230","E06000002","pad",1.16,1.46,0.93
"1231","E06000003","pad",1.17,1.48,0.93
"1232","E06000004","pad",1.08,1.38,0.85
"1233","E06000005","pad",1.25,1.57,1
"1234","E06000007","pad",1.13,1.49,0.85
"1235","E06000008","pad",1.2,1.49,0.96
"1236","E06000009","pad",1.4,1.71,1.14
"1237","E06000010","pad",1.15,1.44,0.92
"1238","E06000011","pad",1.16,1.46,0.92
"1239","E06000012","pad",1.19,1.47,0.96
"1240","E06000013","pad",1.21,1.53,0.96
"1241","E06000014","pad",1.09,1.39,0.85
"1242","E06000015","pad",1.3,1.76,0.96
"1243","E06000016","pad",1.09,1.36,0.87
"1244","E06000017","pad",1.71,2.14,1.37
"1245","E06000018","pad",1.12,1.4,0.9
"1246","E06000019","pad",1.27,1.58,1.03
"1247","E06000020","pad",1.27,1.59,1.02
"1248","E06000021","pad",1.25,1.54,1.01
"1249","E06000022","pad",1.2,1.48,0.97
"1250","E06000023","pad",1.09,1.37,0.87
"1251","E06000024","pad",1.17,1.46,0.93
"1252","E06000025","pad",1.07,1.35,0.84
"1253","E06000026","pad",1.13,1.42,0.9
"1254","E06000027","pad",1.23,1.52,0.99
"1255","E06000028","pad",1.2,1.49,0.97
"1256","E06000029","pad",1.11,1.44,0.86
"1257","E06000030","pad",1.07,1.38,0.84
"1258","E06000031","pad",1.25,1.66,0.93
"1259","E06000032","pad",1.14,1.44,0.91
"1260","E06000033","pad",1.24,1.54,1
"1261","E06000034","pad",1.25,1.57,0.99
"1262","E06000035","pad",1.16,1.45,0.93
"1263","E06000036","pad",1.16,1.49,0.9
"1264","E06000037","pad",1.25,1.62,0.96
"1265","E06000038","pad",1.12,1.61,0.77
"1266","E06000039","pad",1.16,1.5,0.89
"1267","E06000040","pad",1.05,1.38,0.79
"1268","E06000041","pad",1.02,1.39,0.74
"1269","E06000042","pad",1.13,1.43,0.89
"1270","E06000043","pad",0.99,1.24,0.79
"1271","E06000044","pad",1.14,1.46,0.9
"1272","E06000045","pad",1.17,1.47,0.93
"1273","E06000046","pad",1.17,1.52,0.9
"1274","E06000047","pad",1.14,1.44,0.9
"1275","E06000049","pad",1.17,1.47,0.93
"1276","E06000050","pad",1.13,1.45,0.88
"1277","E06000051","pad",1.13,1.42,0.9
"1278","E06000052","pad",1.2,1.5,0.96
"1279","E06000054","pad",1.07,1.37,0.83
"1280","E06000055","pad",1.09,1.38,0.85
"1281","E06000056","pad",1.21,1.55,0.94
"1282","E07000004","pad",1.19,1.5,0.95
"1283","E07000005","pad",1.22,1.55,0.95
"1284","E07000006","pad",1.08,1.4,0.83
"1285","E07000007","pad",1.08,1.42,0.81
"1286","E07000008","pad",1.04,1.31,0.83
"1287","E07000009","pad",1.27,1.57,1.02
"1288","E07000010","pad",1.27,1.59,1.02
"1289","E07000011","pad",1.14,1.44,0.9
"1290","E07000012","pad",1.06,1.37,0.83
"1291","E07000026","pad",1.36,1.67,1.11
"1292","E07000027","pad",1.19,1.47,0.96
"1293","E07000028","pad",1.04,1.36,0.8
"1294","E07000029","pad",1.17,1.48,0.92
"1295","E07000030","pad",1.22,1.54,0.97
"1296","E07000031","pad",1.21,1.52,0.97
"1297","E07000032","pad",1.34,1.66,1.08
"1298","E07000033","pad",1.41,1.73,1.15
"1299","E07000034","pad",1.19,1.49,0.96
"1300","E07000035","pad",1.19,1.49,0.95
"1301","E07000036","pad",1.11,1.43,0.87
"1302","E07000039","pad",1.21,1.5,0.97
"1303","E07000040","pad",1.41,1.73,1.14
"1304","E07000041","pad",0.98,1.27,0.75
"1305","E07000042","pad",1.17,1.46,0.93
"1306","E07000043","pad",1.23,1.54,0.99
"1307","E07000044","pad",1.05,1.36,0.82
"1308","E07000045","pad",1.08,1.38,0.85
"1309","E07000046","pad",1.1,1.42,0.85
"1310","E07000047","pad",1.06,1.45,0.78
"1311","E07000048","pad",1.2,1.51,0.95
"1312","E07000049","pad",1.19,1.51,0.94
"1313","E07000050","pad",1.17,1.48,0.93
"1314","E07000051","pad",1.25,1.55,1
"1315","E07000052","pad",1.25,1.57,1
"1316","E07000053","pad",1.04,1.35,0.8
"1317","E07000061","pad",1.25,1.55,1.01
"1318","E07000062","pad",1.17,1.45,0.95
"1319","E07000063","pad",1.23,1.52,0.99
"1320","E07000064","pad",1.17,1.47,0.93
"1321","E07000065","pad",1.14,1.43,0.92
"1322","E07000066","pad",1.21,1.52,0.96
"1323","E07000067","pad",1.29,1.59,1.04
"1324","E07000068","pad",1.08,1.44,0.81
"1325","E07000069","pad",1.18,1.52,0.92
"1326","E07000070","pad",1.1,1.4,0.87
"1327","E07000071","pad",1.14,1.43,0.91
"1328","E07000072","pad",1.21,1.52,0.97
"1329","E07000074","pad",1.14,1.45,0.89
"1330","E07000075","pad",1.13,1.51,0.85
"1331","E07000076","pad",1.25,1.57,1
"1332","E07000077","pad",1.04,1.34,0.8
"1333","E07000078","pad",1.16,1.46,0.92
"1334","E07000079","pad",1.33,1.65,1.08
"1335","E07000080","pad",1.23,1.55,0.97
"1336","E07000081","pad",1.19,1.51,0.94
"1337","E07000082","pad",1.02,1.31,0.79
"1338","E07000083","pad",1.17,1.49,0.92
"1339","E07000084","pad",1.15,1.46,0.91
"1340","E07000085","pad",1.16,1.46,0.91
"1341","E07000086","pad",1.11,1.42,0.86
"1342","E07000087","pad",1.19,1.54,0.92
"1343","E07000088","pad",1.17,1.51,0.91
"1344","E07000089","pad",1.07,1.36,0.84
"1345","E07000090","pad",1.1,1.44,0.84
"1346","E07000091","pad",1.14,1.47,0.88
"1347","E07000092","pad",1.05,1.36,0.81
"1348","E07000093","pad",1.08,1.45,0.81
"1349","E07000094","pad",1.01,1.3,0.78
"1350","E07000095","pad",1.17,1.51,0.91
"1351","E07000096","pad",1.1,1.4,0.86
"1352","E07000098","pad",1.17,1.47,0.93
"1353","E07000099","pad",1.04,1.37,0.78
"1354","E07000105","pad",1.27,1.56,1.03
"1355","E07000106","pad",1.07,1.35,0.85
"1356","E07000107","pad",1.18,1.47,0.94
"1357","E07000108","pad",1.18,1.46,0.95
"1358","E07000109","pad",1.04,1.33,0.82
"1359","E07000110","pad",1.16,1.45,0.92
"1360","E07000111","pad",1.08,1.36,0.85
"1361","E07000112","pad",1.1,1.41,0.86
"1362","E07000113","pad",1.12,1.43,0.87
"1363","E07000114","pad",1.13,1.41,0.91
"1364","E07000115","pad",1.06,1.36,0.82
"1365","E07000116","pad",0.95,1.27,0.72
"1366","E07000117","pad",1.2,1.49,0.97
"1367","E07000118","pad",1.24,1.59,0.97
"1368","E07000119","pad",1.23,1.57,0.95
"1369","E07000120","pad",1.1,1.49,0.82
"1370","E07000121","pad",1.12,1.41,0.89
"1371","E07000122","pad",1.12,1.45,0.86
"1372","E07000123","pad",1.09,1.39,0.86
"1373","E07000124","pad",1.05,1.49,0.74
"1374","E07000125","pad",1.05,1.4,0.79
"1375","E07000126","pad",1.05,1.41,0.79
"1376","E07000127","pad",1.07,1.38,0.83
"1377","E07000129","pad",1.25,1.56,1
"1378","E07000130","pad",1.09,1.37,0.87
"1379","E07000131","pad",1.2,1.53,0.94
"1380","E07000132","pad",1.23,1.55,0.97
"1381","E07000133","pad",1.12,1.41,0.89
"1382","E07000134","pad",1.09,1.46,0.82
"1383","E07000136","pad",1.35,1.66,1.1
"1384","E07000137","pad",1.36,1.7,1.09
"1385","E07000138","pad",1.23,1.53,0.98
"1386","E07000139","pad",1.22,1.54,0.96
"1387","E07000140","pad",1.29,1.62,1.03
"1388","E07000141","pad",1.09,1.44,0.83
"1389","E07000142","pad",1.11,1.43,0.86
"1390","E07000143","pad",1.31,1.61,1.07
"1391","E07000144","pad",1.31,1.62,1.06
"1392","E07000145","pad",1.26,1.56,1.01
"1393","E07000146","pad",1.2,1.52,0.95
"1394","E07000147","pad",1.22,1.54,0.96
"1395","E07000148","pad",0.97,1.26,0.74
"1396","E07000149","pad",1.12,1.44,0.86
"1397","E07000150","pad",1.05,1.34,0.83
"1398","E07000151","pad",1.57,1.93,1.28
"1399","E07000152","pad",1.12,1.45,0.86
"1400","E07000153","pad",1.08,1.43,0.81
"1401","E07000154","pad",1,1.3,0.77
"1402","E07000155","pad",1.13,1.44,0.88
"1403","E07000156","pad",1.1,1.4,0.86
"1404","E07000163","pad",1.05,1.37,0.8
"1405","E07000164","pad",1.21,1.51,0.97
"1406","E07000165","pad",1.08,1.38,0.85
"1407","E07000166","pad",1.05,1.37,0.8
"1408","E07000167","pad",1.28,1.59,1.03
"1409","E07000168","pad",1.11,1.42,0.87
"1410","E07000169","pad",1.1,1.41,0.85
"1411","E07000170","pad",1.22,1.55,0.96
"1412","E07000171","pad",1.17,1.48,0.93
"1413","E07000173","pad",1.08,1.38,0.84
"1414","E07000174","pad",1.11,1.42,0.86
"1415","E07000175","pad",1.02,1.35,0.78
"1416","E07000176","pad",1,1.36,0.74
"1417","E07000177","pad",1.17,1.51,0.9
"1418","E07000178","pad",0.98,1.27,0.75
"1419","E07000179","pad",1.09,1.4,0.85
"1420","E07000180","pad",1.03,1.38,0.76
"1421","E07000181","pad",1.06,1.37,0.82
"1422","E07000187","pad",1.14,1.45,0.9
"1423","E07000188","pad",1.3,1.62,1.04
"1424","E07000189","pad",1.06,1.36,0.82
"1425","E07000190","pad",1.03,1.33,0.8
"1426","E07000191","pad",1.15,1.47,0.9
"1427","E07000192","pad",1.26,1.63,0.97
"1428","E07000193","pad",1.16,1.5,0.9
"1429","E07000194","pad",1.21,1.59,0.92
"1430","E07000195","pad",1.01,1.3,0.78
"1431","E07000196","pad",1.18,1.52,0.91
"1432","E07000198","pad",1.1,1.5,0.81
"1433","E07000199","pad",1.06,1.44,0.78
"1434","E07000200","pad",1.41,1.76,1.13
"1435","E07000202","pad",1.03,1.33,0.8
"1436","E07000203","pad",1.12,1.44,0.87
"1437","E07000205","pad",1.09,1.39,0.86
"1438","E07000206","pad",1.2,1.58,0.92
"1439","E07000207","pad",1.12,1.45,0.87
"1440","E07000208","pad",1.02,1.35,0.76
"1441","E07000209","pad",1.14,1.42,0.91
"1442","E07000210","pad",1.17,1.49,0.91
"1443","E07000211","pad",1.05,1.36,0.81
"1444","E07000212","pad",1.11,1.41,0.87
"1445","E07000214","pad",1.1,1.45,0.83
"1446","E07000215","pad",1.07,1.42,0.8
"1447","E07000216","pad",1.05,1.38,0.79
"1448","E07000218","pad",1.13,1.45,0.88
"1449","E07000219","pad",1.07,1.4,0.82
"1450","E07000220","pad",1.07,1.36,0.84
"1451","E07000221","pad",1.28,1.58,1.03
"1452","E07000222","pad",1.01,1.32,0.78
"1453","E07000223","pad",1.17,1.46,0.94
"1454","E07000224","pad",1.31,1.63,1.05
"1455","E07000225","pad",1.14,1.46,0.89
"1456","E07000226","pad",0.99,1.28,0.76
"1457","E07000227","pad",1.07,1.37,0.84
"1458","E07000229","pad",1.06,1.36,0.82
"1459","E07000234","pad",1.17,1.48,0.93
"1460","E07000235","pad",1.27,1.55,1.03
"1461","E07000236","pad",0.98,1.38,0.69
"1462","E07000237","pad",1.05,1.39,0.79
"1463","E07000238","pad",1.16,1.52,0.88
"1464","E08000001","pad",1.26,1.54,1.03
"1465","E08000002","pad",1.31,1.67,1.03
"1466","E08000003","pad",1.15,1.45,0.91
"1467","E08000004","pad",1.2,1.52,0.96
"1468","E08000005","pad",1.12,1.43,0.88
"1469","E08000006","pad",1.08,1.38,0.84
"1470","E08000007","pad",1.14,1.43,0.9
"1471","E08000008","pad",1.14,1.45,0.9
"1472","E08000009","pad",0.98,1.27,0.76
"1473","E08000010","pad",1.19,1.5,0.94
"1474","E08000011","pad",1.45,1.77,1.19
"1475","E08000012","pad",1.08,1.37,0.85
"1476","E08000013","pad",1.12,1.45,0.87
"1477","E08000014","pad",1.16,1.48,0.92
"1478","E08000015","pad",1.14,1.43,0.91
"1479","E08000016","pad",1.35,1.68,1.09
"1480","E08000017","pad",1.29,1.61,1.03
"1481","E08000018","pad",1.22,1.53,0.98
"1482","E08000019","pad",1.18,1.54,0.91
"1483","E08000021","pad",1.11,1.41,0.88
"1484","E08000022","pad",1.13,1.45,0.87
"1485","E08000023","pad",1.17,1.47,0.93
"1486","E08000024","pad",1.12,1.42,0.88
"1487","E08000025","pad",1.24,1.58,0.97
"1488","E08000026","pad",1.19,1.49,0.95
"1489","E08000028","pad",1.14,1.47,0.89
"1490","E08000029","pad",1.08,1.39,0.84
"1491","E08000030","pad",1.33,1.73,1.01
"1492","E08000031","pad",1.21,1.57,0.93
"1493","E08000032","pad",1.22,1.51,0.98
"1494","E08000033","pad",1.17,1.49,0.93
"1495","E08000034","pad",1.11,1.39,0.88
"1496","E08000035","pad",1.07,1.34,0.85
"1497","E08000036","pad",1.16,1.47,0.91
"1498","E09000002","pad",1.34,1.74,1.03
"1499","E09000003","pad",1.24,1.56,0.99
"1500","E09000004","pad",1.44,2.12,0.97
"1501","E09000005","pad",1.12,1.4,0.89
"1502","E09000006","pad",1.23,1.62,0.93
"1503","E09000007","pad",1.06,1.44,0.78
"1504","E09000008","pad",1.25,1.74,0.9
"1505","E09000009","pad",1.2,1.59,0.91
"1506","E09000010","pad",1.22,1.61,0.92
"1507","E09000011","pad",1.09,1.56,0.77
"1508","E09000012","pad",1.01,1.32,0.78
"1509","E09000013","pad",0.99,1.32,0.73
"1510","E09000014","pad",1.06,1.52,0.74
"1511","E09000015","pad",1.05,1.35,0.82
"1512","E09000016","pad",1.17,1.57,0.87
"1513","E09000017","pad",1.2,1.64,0.87
"1514","E09000018","pad",1.14,1.51,0.86
"1515","E09000019","pad",0.98,1.3,0.74
"1516","E09000020","pad",0.95,1.24,0.74
"1517","E09000021","pad",1.22,1.65,0.9
"1518","E09000022","pad",1.06,1.46,0.77
"1519","E09000023","pad",1.08,1.45,0.8
"1520","E09000024","pad",1.21,1.8,0.81
"1521","E09000025","pad",1.17,1.64,0.83
"1522","E09000026","pad",1.09,1.39,0.86
"1523","E09000027","pad",0.98,1.38,0.69
"1524","E09000028","pad",0.95,1.26,0.71
"1525","E09000029","pad",1.16,1.67,0.8
"1526","E09000030","pad",0.96,1.32,0.69
"1527","E09000031","pad",0.99,1.31,0.74
"1528","E09000032","pad",0.97,1.33,0.71
"1529","E09000033","pad",0.95,1.23,0.73
"1530","E06000001","pad_IMD",1.23,1.56,0.96
"1531","E06000002","pad_IMD",1.17,1.53,0.89
"1532","E06000003","pad_IMD",1.18,1.5,0.93
"1533","E06000004","pad_IMD",1.08,1.38,0.84
"1534","E06000005","pad_IMD",1.25,1.56,1
"1535","E06000006","pad_IMD",1.28,1.64,0.99
"1536","E06000007","pad_IMD",1.12,1.48,0.85
"1537","E06000008","pad_IMD",1.2,1.55,0.93
"1538","E06000009","pad_IMD",1.4,1.8,1.09
"1539","E06000010","pad_IMD",1.15,1.5,0.88
"1540","E06000011","pad_IMD",1.16,1.47,0.91
"1541","E06000012","pad_IMD",1.19,1.49,0.95
"1542","E06000013","pad_IMD",1.21,1.53,0.97
"1543","E06000014","pad_IMD",1.08,1.41,0.83
"1544","E06000015","pad_IMD",1.3,1.75,0.97
"1545","E06000016","pad_IMD",1.09,1.41,0.84
"1546","E06000017","pad_IMD",1.71,2.24,1.29
"1547","E06000018","pad_IMD",1.13,1.48,0.86
"1548","E06000019","pad_IMD",1.28,1.61,1.02
"1549","E06000020","pad_IMD",1.27,1.59,1.02
"1550","E06000021","pad_IMD",1.26,1.62,0.98
"1551","E06000022","pad_IMD",1.2,1.53,0.93
"1552","E06000023","pad_IMD",1.09,1.37,0.86
"1553","E06000024","pad_IMD",1.16,1.48,0.91
"1554","E06000025","pad_IMD",1.06,1.38,0.82
"1555","E06000026","pad_IMD",1.13,1.42,0.9
"1556","E06000027","pad_IMD",1.23,1.54,0.98
"1557","E06000028","pad_IMD",1.2,1.49,0.97
"1558","E06000029","pad_IMD",1.09,1.39,0.86
"1559","E06000030","pad_IMD",1.07,1.37,0.83
"1560","E06000031","pad_IMD",1.24,1.65,0.93
"1561","E06000032","pad_IMD",1.14,1.45,0.9
"1562","E06000033","pad_IMD",1.24,1.53,1
"1563","E06000034","pad_IMD",1.25,1.58,0.98
"1564","E06000035","pad_IMD",1.16,1.44,0.93
"1565","E06000036","pad_IMD",1.17,1.52,0.9
"1566","E06000037","pad_IMD",1.25,1.65,0.94
"1567","E06000038","pad_IMD",1.12,1.57,0.8
"1568","E06000039","pad_IMD",1.16,1.52,0.89
"1569","E06000040","pad_IMD",1.05,1.4,0.78
"1570","E06000041","pad_IMD",1.01,1.46,0.69
"1571","E06000042","pad_IMD",1.13,1.44,0.88
"1572","E06000043","pad_IMD",0.99,1.24,0.79
"1573","E06000044","pad_IMD",1.15,1.44,0.91
"1574","E06000045","pad_IMD",1.17,1.48,0.93
"1575","E06000046","pad_IMD",1.18,1.49,0.93
"1576","E06000047","pad_IMD",1.14,1.45,0.89
"1577","E06000049","pad_IMD",1.17,1.49,0.92
"1578","E06000050","pad_IMD",1.13,1.44,0.89
"1579","E06000051","pad_IMD",1.14,1.45,0.89
"1580","E06000052","pad_IMD",1.2,1.54,0.93
"1581","E06000053","pad_IMD",1.06,1.59,0.71
"1582","E06000054","pad_IMD",1.07,1.38,0.83
"1583","E06000055","pad_IMD",1.08,1.37,0.85
"1584","E06000056","pad_IMD",1.2,1.58,0.92
"1585","E06000057","pad_IMD",1.26,1.57,1.01
"1586","E07000004","pad_IMD",1.19,1.54,0.91
"1587","E07000005","pad_IMD",1.21,1.64,0.9
"1588","E07000006","pad_IMD",1.09,1.48,0.8
"1589","E07000007","pad_IMD",1.08,1.44,0.81
"1590","E07000008","pad_IMD",1.04,1.33,0.81
"1591","E07000009","pad_IMD",1.27,1.62,1
"1592","E07000010","pad_IMD",1.27,1.6,1
"1593","E07000011","pad_IMD",1.14,1.49,0.87
"1594","E07000012","pad_IMD",1.06,1.42,0.78
"1595","E07000026","pad_IMD",1.37,1.68,1.11
"1596","E07000027","pad_IMD",1.2,1.5,0.95
"1597","E07000028","pad_IMD",1.04,1.34,0.81
"1598","E07000029","pad_IMD",1.17,1.5,0.91
"1599","E07000030","pad_IMD",1.24,1.65,0.94
"1600","E07000031","pad_IMD",1.22,1.58,0.93
"1601","E07000032","pad_IMD",1.34,1.67,1.08
"1602","E07000033","pad_IMD",1.41,1.76,1.14
"1603","E07000034","pad_IMD",1.2,1.5,0.95
"1604","E07000035","pad_IMD",1.2,1.55,0.93
"1605","E07000036","pad_IMD",1.11,1.41,0.87
"1606","E07000037","pad_IMD",1.08,1.38,0.85
"1607","E07000038","pad_IMD",1.25,1.56,0.99
"1608","E07000039","pad_IMD",1.21,1.53,0.96
"1609","E07000040","pad_IMD",1.41,1.78,1.12
"1610","E07000041","pad_IMD",0.97,1.25,0.76
"1611","E07000042","pad_IMD",1.17,1.5,0.91
"1612","E07000043","pad_IMD",1.23,1.55,0.98
"1613","E07000044","pad_IMD",1.07,1.4,0.81
"1614","E07000045","pad_IMD",1.08,1.38,0.85
"1615","E07000046","pad_IMD",1.1,1.45,0.83
"1616","E07000047","pad_IMD",1.07,1.42,0.8
"1617","E07000048","pad_IMD",1.2,1.54,0.94
"1618","E07000049","pad_IMD",1.19,1.59,0.9
"1619","E07000050","pad_IMD",1.2,1.56,0.92
"1620","E07000051","pad_IMD",1.27,1.66,0.96
"1621","E07000052","pad_IMD",1.26,1.62,0.98
"1622","E07000053","pad_IMD",1.05,1.34,0.82
"1623","E07000061","pad_IMD",1.24,1.55,1
"1624","E07000062","pad_IMD",1.17,1.48,0.92
"1625","E07000063","pad_IMD",1.22,1.55,0.97
"1626","E07000064","pad_IMD",1.19,1.51,0.93
"1627","E07000065","pad_IMD",1.14,1.47,0.89
"1628","E07000066","pad_IMD",1.21,1.52,0.96
"1629","E07000067","pad_IMD",1.3,1.64,1.03
"1630","E07000068","pad_IMD",1.09,1.44,0.82
"1631","E07000069","pad_IMD",1.17,1.51,0.91
"1632","E07000070","pad_IMD",1.1,1.43,0.85
"1633","E07000071","pad_IMD",1.15,1.44,0.91
"1634","E07000072","pad_IMD",1.21,1.52,0.96
"1635","E07000073","pad_IMD",1.13,1.51,0.84
"1636","E07000074","pad_IMD",1.14,1.48,0.87
"1637","E07000075","pad_IMD",1.13,1.52,0.84
"1638","E07000076","pad_IMD",1.26,1.59,0.99
"1639","E07000077","pad_IMD",1.03,1.39,0.77
"1640","E07000078","pad_IMD",1.15,1.46,0.9
"1641","E07000079","pad_IMD",1.33,1.7,1.04
"1642","E07000080","pad_IMD",1.23,1.6,0.95
"1643","E07000081","pad_IMD",1.18,1.5,0.93
"1644","E07000082","pad_IMD",1.02,1.34,0.77
"1645","E07000083","pad_IMD",1.16,1.49,0.9
"1646","E07000084","pad_IMD",1.14,1.48,0.88
"1647","E07000085","pad_IMD",1.15,1.54,0.86
"1648","E07000086","pad_IMD",1.1,1.47,0.83
"1649","E07000087","pad_IMD",1.19,1.61,0.87
"1650","E07000088","pad_IMD",1.17,1.49,0.91
"1651","E07000089","pad_IMD",1.06,1.51,0.74
"1652","E07000090","pad_IMD",1.1,1.4,0.86
"1653","E07000091","pad_IMD",1.14,1.5,0.87
"1654","E07000092","pad_IMD",1.03,1.32,0.81
"1655","E07000093","pad_IMD",1.08,1.42,0.82
"1656","E07000094","pad_IMD",1,1.36,0.74
"1657","E07000095","pad_IMD",1.17,1.5,0.91
"1658","E07000096","pad_IMD",1.09,1.42,0.84
"1659","E07000098","pad_IMD",1.16,1.48,0.91
"1660","E07000099","pad_IMD",1.02,1.35,0.78
"1661","E07000102","pad_IMD",1.2,1.63,0.88
"1662","E07000103","pad_IMD",1.11,1.42,0.86
"1663","E07000105","pad_IMD",1.28,1.59,1.03
"1664","E07000106","pad_IMD",1.08,1.35,0.86
"1665","E07000107","pad_IMD",1.17,1.47,0.93
"1666","E07000108","pad_IMD",1.19,1.48,0.96
"1667","E07000109","pad_IMD",1.04,1.33,0.82
"1668","E07000110","pad_IMD",1.16,1.47,0.92
"1669","E07000111","pad_IMD",1.08,1.4,0.83
"1670","E07000112","pad_IMD",1.1,1.41,0.86
"1671","E07000113","pad_IMD",1.13,1.44,0.88
"1672","E07000114","pad_IMD",1.14,1.44,0.91
"1673","E07000115","pad_IMD",1.05,1.38,0.8
"1674","E07000116","pad_IMD",0.96,1.28,0.73
"1675","E07000117","pad_IMD",1.2,1.53,0.94
"1676","E07000118","pad_IMD",1.23,1.53,0.99
"1677","E07000119","pad_IMD",1.23,1.56,0.97
"1678","E07000120","pad_IMD",1.1,1.43,0.84
"1679","E07000121","pad_IMD",1.11,1.4,0.88
"1680","E07000122","pad_IMD",1.12,1.44,0.87
"1681","E07000123","pad_IMD",1.09,1.38,0.86
"1682","E07000124","pad_IMD",1.05,1.39,0.79
"1683","E07000125","pad_IMD",1.05,1.35,0.82
"1684","E07000126","pad_IMD",1.06,1.38,0.81
"1685","E07000127","pad_IMD",1.06,1.36,0.83
"1686","E07000128","pad_IMD",1.39,1.74,1.11
"1687","E07000129","pad_IMD",1.24,1.63,0.95
"1688","E07000130","pad_IMD",1.09,1.39,0.85
"1689","E07000131","pad_IMD",1.19,1.6,0.89
"1690","E07000132","pad_IMD",1.23,1.57,0.96
"1691","E07000133","pad_IMD",1.12,1.43,0.87
"1692","E07000134","pad_IMD",1.1,1.46,0.83
"1693","E07000135","pad_IMD",1.13,1.43,0.89
"1694","E07000136","pad_IMD",1.35,1.69,1.08
"1695","E07000137","pad_IMD",1.35,1.72,1.06
"1696","E07000138","pad_IMD",1.23,1.54,0.98
"1697","E07000139","pad_IMD",1.21,1.57,0.93
"1698","E07000140","pad_IMD",1.3,1.68,1.01
"1699","E07000141","pad_IMD",1.09,1.41,0.85
"1700","E07000142","pad_IMD",1.11,1.42,0.87
"1701","E07000143","pad_IMD",1.33,1.68,1.06
"1702","E07000144","pad_IMD",1.32,1.69,1.03
"1703","E07000145","pad_IMD",1.26,1.59,0.99
"1704","E07000146","pad_IMD",1.21,1.55,0.94
"1705","E07000147","pad_IMD",1.23,1.63,0.93
"1706","E07000148","pad_IMD",0.97,1.25,0.75
"1707","E07000149","pad_IMD",1.12,1.45,0.87
"1708","E07000150","pad_IMD",1.06,1.35,0.83
"1709","E07000151","pad_IMD",1.57,1.98,1.25
"1710","E07000152","pad_IMD",1.11,1.43,0.86
"1711","E07000153","pad_IMD",1.08,1.38,0.85
"1712","E07000154","pad_IMD",1,1.28,0.77
"1713","E07000155","pad_IMD",1.11,1.51,0.82
"1714","E07000156","pad_IMD",1.09,1.39,0.86
"1715","E07000163","pad_IMD",1.05,1.38,0.81
"1716","E07000164","pad_IMD",1.21,1.55,0.94
"1717","E07000165","pad_IMD",1.08,1.41,0.82
"1718","E07000166","pad_IMD",1.06,1.4,0.79
"1719","E07000167","pad_IMD",1.31,1.71,1
"1720","E07000168","pad_IMD",1.11,1.42,0.87
"1721","E07000169","pad_IMD",1.1,1.42,0.85
"1722","E07000170","pad_IMD",1.23,1.55,0.97
"1723","E07000171","pad_IMD",1.16,1.47,0.92
"1724","E07000172","pad_IMD",1.18,1.49,0.93
"1725","E07000173","pad_IMD",1.06,1.37,0.82
"1726","E07000174","pad_IMD",1.1,1.43,0.85
"1727","E07000175","pad_IMD",1.02,1.3,0.8
"1728","E07000176","pad_IMD",0.99,1.36,0.72
"1729","E07000177","pad_IMD",1.16,1.53,0.88
"1730","E07000178","pad_IMD",0.98,1.24,0.76
"1731","E07000179","pad_IMD",1.08,1.45,0.8
"1732","E07000180","pad_IMD",1.03,1.39,0.76
"1733","E07000181","pad_IMD",1.04,1.43,0.76
"1734","E07000187","pad_IMD",1.16,1.48,0.91
"1735","E07000188","pad_IMD",1.31,1.63,1.04
"1736","E07000189","pad_IMD",1.07,1.38,0.83
"1737","E07000190","pad_IMD",1.05,1.35,0.81
"1738","E07000191","pad_IMD",1.15,1.55,0.85
"1739","E07000192","pad_IMD",1.25,1.56,1
"1740","E07000193","pad_IMD",1.15,1.47,0.9
"1741","E07000194","pad_IMD",1.21,1.54,0.94
"1742","E07000195","pad_IMD",1,1.28,0.78
"1743","E07000196","pad_IMD",1.17,1.51,0.91
"1744","E07000197","pad_IMD",1.19,1.52,0.94
"1745","E07000198","pad_IMD",1.09,1.4,0.84
"1746","E07000199","pad_IMD",1.07,1.37,0.83
"1747","E07000200","pad_IMD",1.41,1.75,1.14
"1748","E07000201","pad_IMD",1.18,1.53,0.91
"1749","E07000202","pad_IMD",1.03,1.32,0.8
"1750","E07000203","pad_IMD",1.13,1.48,0.87
"1751","E07000204","pad_IMD",1.21,1.54,0.95
"1752","E07000205","pad_IMD",1.1,1.41,0.85
"1753","E07000206","pad_IMD",1.21,1.53,0.95
"1754","E07000207","pad_IMD",1.12,1.55,0.8
"1755","E07000208","pad_IMD",1.01,1.37,0.74
"1756","E07000209","pad_IMD",1.13,1.49,0.86
"1757","E07000210","pad_IMD",1.17,1.54,0.88
"1758","E07000211","pad_IMD",1.05,1.4,0.79
"1759","E07000212","pad_IMD",1.1,1.45,0.84
"1760","E07000213","pad_IMD",1.17,1.49,0.92
"1761","E07000214","pad_IMD",1.08,1.51,0.77
"1762","E07000215","pad_IMD",1.06,1.41,0.79
"1763","E07000216","pad_IMD",1.04,1.45,0.74
"1764","E07000217","pad_IMD",1.09,1.45,0.82
"1765","E07000218","pad_IMD",1.13,1.46,0.88
"1766","E07000219","pad_IMD",1.07,1.37,0.84
"1767","E07000220","pad_IMD",1.07,1.38,0.82
"1768","E07000221","pad_IMD",1.28,1.64,0.99
"1769","E07000222","pad_IMD",1.01,1.33,0.77
"1770","E07000223","pad_IMD",1.17,1.46,0.94
"1771","E07000224","pad_IMD",1.31,1.63,1.05
"1772","E07000225","pad_IMD",1.14,1.5,0.87
"1773","E07000226","pad_IMD",0.99,1.27,0.76
"1774","E07000227","pad_IMD",1.07,1.41,0.81
"1775","E07000228","pad_IMD",1.14,1.56,0.84
"1776","E07000229","pad_IMD",1.05,1.35,0.82
"1777","E07000234","pad_IMD",1.17,1.52,0.9
"1778","E07000235","pad_IMD",1.28,1.62,1.01
"1779","E07000236","pad_IMD",0.99,1.26,0.77
"1780","E07000237","pad_IMD",1.05,1.35,0.82
"1781","E07000238","pad_IMD",1.17,1.51,0.9
"1782","E07000239","pad_IMD",1.32,1.72,1.01
"1783","E07000240","pad_IMD",1.01,1.37,0.74
"1784","E07000241","pad_IMD",1.09,1.41,0.84
"1785","E07000242","pad_IMD",1.12,1.51,0.83
"1786","E07000243","pad_IMD",1.15,1.49,0.89
"1787","E08000001","pad_IMD",1.26,1.56,1.02
"1788","E08000002","pad_IMD",1.31,1.67,1.03
"1789","E08000003","pad_IMD",1.15,1.53,0.86
"1790","E08000004","pad_IMD",1.21,1.53,0.95
"1791","E08000005","pad_IMD",1.13,1.46,0.86
"1792","E08000006","pad_IMD",1.08,1.39,0.84
"1793","E08000007","pad_IMD",1.13,1.42,0.9
"1794","E08000008","pad_IMD",1.14,1.46,0.89
"1795","E08000009","pad_IMD",0.98,1.26,0.76
"1796","E08000010","pad_IMD",1.19,1.48,0.95
"1797","E08000011","pad_IMD",1.47,1.9,1.13
"1798","E08000012","pad_IMD",1.08,1.45,0.81
"1799","E08000013","pad_IMD",1.13,1.46,0.87
"1800","E08000014","pad_IMD",1.17,1.48,0.93
"1801","E08000015","pad_IMD",1.14,1.42,0.91
"1802","E08000016","pad_IMD",1.34,1.69,1.07
"1803","E08000017","pad_IMD",1.28,1.61,1.02
"1804","E08000018","pad_IMD",1.22,1.54,0.97
"1805","E08000019","pad_IMD",1.18,1.53,0.91
"1806","E08000021","pad_IMD",1.11,1.39,0.89
"1807","E08000022","pad_IMD",1.12,1.42,0.89
"1808","E08000023","pad_IMD",1.17,1.5,0.91
"1809","E08000024","pad_IMD",1.11,1.43,0.87
"1810","E08000025","pad_IMD",1.24,1.63,0.95
"1811","E08000026","pad_IMD",1.19,1.49,0.95
"1812","E08000027","pad_IMD",1.43,1.8,1.13
"1813","E08000028","pad_IMD",1.14,1.51,0.87
"1814","E08000029","pad_IMD",1.08,1.41,0.82
"1815","E08000030","pad_IMD",1.32,1.73,1.01
"1816","E08000031","pad_IMD",1.21,1.58,0.92
"1817","E08000032","pad_IMD",1.22,1.55,0.96
"1818","E08000033","pad_IMD",1.18,1.49,0.93
"1819","E08000034","pad_IMD",1.11,1.4,0.88
"1820","E08000035","pad_IMD",1.07,1.35,0.85
"1821","E08000036","pad_IMD",1.16,1.47,0.91
"1822","E08000037","pad_IMD",1.18,1.47,0.94
"1823","E09000002","pad_IMD",1.34,1.81,0.99
"1824","E09000003","pad_IMD",1.25,1.58,0.99
"1825","E09000004","pad_IMD",1.44,2.05,1
"1826","E09000005","pad_IMD",1.12,1.44,0.87
"1827","E09000006","pad_IMD",1.22,1.62,0.92
"1828","E09000007","pad_IMD",1.07,1.43,0.79
"1829","E09000008","pad_IMD",1.25,1.71,0.92
"1830","E09000009","pad_IMD",1.21,1.59,0.91
"1831","E09000010","pad_IMD",1.21,1.6,0.92
"1832","E09000011","pad_IMD",1.1,1.51,0.8
"1833","E09000012","pad_IMD",1.01,1.37,0.75
"1834","E09000013","pad_IMD",0.99,1.32,0.74
"1835","E09000014","pad_IMD",1.06,1.52,0.75
"1836","E09000015","pad_IMD",1.06,1.38,0.81
"1837","E09000016","pad_IMD",1.17,1.57,0.87
"1838","E09000017","pad_IMD",1.19,1.66,0.86
"1839","E09000018","pad_IMD",1.15,1.53,0.86
"1840","E09000019","pad_IMD",0.99,1.34,0.73
"1841","E09000020","pad_IMD",0.96,1.25,0.73
"1842","E09000021","pad_IMD",1.22,1.67,0.89
"1843","E09000022","pad_IMD",1.06,1.45,0.77
"1844","E09000023","pad_IMD",1.08,1.45,0.8
"1845","E09000024","pad_IMD",1.21,1.8,0.81
"1846","E09000025","pad_IMD",1.15,1.66,0.8
"1847","E09000026","pad_IMD",1.1,1.42,0.85
"1848","E09000027","pad_IMD",0.97,1.4,0.68
"1849","E09000028","pad_IMD",0.95,1.27,0.71
"1850","E09000029","pad_IMD",1.16,1.66,0.81
"1851","E09000030","pad_IMD",0.96,1.36,0.67
"1852","E09000031","pad_IMD",0.98,1.32,0.72
"1853","E09000032","pad_IMD",0.98,1.33,0.72
"1854","E09000033","pad_IMD",0.95,1.24,0.73
"1855","E06000001","stroke",3.99,4.52,3.53
"1856","E06000002","stroke",3.94,4.55,3.41
"1857","E06000003","stroke",3.91,4.41,3.47
"1858","E06000004","stroke",3.69,4.16,3.27
"1859","E06000005","stroke",3.96,4.43,3.55
"1860","E06000006","stroke",4,4.57,3.5
"1861","E06000007","stroke",3.5,3.98,3.07
"1862","E06000008","stroke",3.95,4.51,3.45
"1863","E06000009","stroke",4.33,4.95,3.78
"1864","E06000010","stroke",4.07,4.68,3.54
"1865","E06000011","stroke",3.74,4.19,3.33
"1866","E06000012","stroke",3.94,4.43,3.51
"1867","E06000013","stroke",3.9,4.37,3.48
"1868","E06000014","stroke",3.62,4.11,3.18
"1869","E06000015","stroke",3.74,4.34,3.22
"1870","E06000016","stroke",3.68,4.19,3.22
"1871","E06000017","stroke",4.3,4.92,3.76
"1872","E06000018","stroke",3.87,4.47,3.35
"1873","E06000019","stroke",3.97,4.46,3.54
"1874","E06000020","stroke",3.91,4.38,3.49
"1875","E06000021","stroke",4.16,4.75,3.64
"1876","E06000022","stroke",3.67,4.13,3.26
"1877","E06000023","stroke",3.69,4.15,3.28
"1878","E06000024","stroke",3.82,4.28,3.4
"1879","E06000025","stroke",3.62,4.1,3.19
"1880","E06000026","stroke",3.77,4.23,3.36
"1881","E06000027","stroke",4.01,4.5,3.58
"1882","E06000028","stroke",3.76,4.19,3.37
"1883","E06000029","stroke",3.75,4.2,3.34
"1884","E06000030","stroke",3.58,4.04,3.17
"1885","E06000031","stroke",3.66,4.23,3.17
"1886","E06000032","stroke",3.88,4.37,3.44
"1887","E06000033","stroke",3.9,4.33,3.5
"1888","E06000034","stroke",3.66,4.13,3.25
"1889","E06000035","stroke",3.66,4.08,3.28
"1890","E06000036","stroke",3.58,4.07,3.15
"1891","E06000037","stroke",3.58,4.09,3.13
"1892","E06000038","stroke",3.36,3.97,2.85
"1893","E06000039","stroke",3.56,4.08,3.1
"1894","E06000040","stroke",3.42,3.94,2.97
"1895","E06000041","stroke",3.25,3.9,2.7
"1896","E06000042","stroke",3.45,3.89,3.06
"1897","E06000043","stroke",3.43,3.84,3.06
"1898","E06000044","stroke",3.8,4.26,3.39
"1899","E06000045","stroke",3.77,4.25,3.34
"1900","E06000046","stroke",3.76,4.22,3.34
"1901","E06000047","stroke",3.79,4.28,3.36
"1902","E06000049","stroke",3.73,4.2,3.32
"1903","E06000050","stroke",3.75,4.22,3.33
"1904","E06000051","stroke",3.82,4.3,3.39
"1905","E06000052","stroke",3.82,4.34,3.36
"1906","E06000053","stroke",3.48,4.28,2.82
"1907","E06000054","stroke",3.63,4.1,3.21
"1908","E06000055","stroke",3.53,3.96,3.15
"1909","E06000056","stroke",3.65,4.15,3.2
"1910","E06000057","stroke",3.85,4.29,3.45
"1911","E07000004","stroke",3.65,4.15,3.22
"1912","E07000005","stroke",3.7,4.29,3.19
"1913","E07000006","stroke",3.57,4.13,3.08
"1914","E07000007","stroke",3.57,4.1,3.11
"1915","E07000008","stroke",3.45,3.89,3.06
"1916","E07000009","stroke",3.97,4.48,3.52
"1917","E07000010","stroke",4.02,4.52,3.56
"1918","E07000011","stroke",3.62,4.12,3.18
"1919","E07000012","stroke",3.42,3.95,2.96
"1920","E07000026","stroke",4.2,4.66,3.78
"1921","E07000027","stroke",3.99,4.49,3.55
"1922","E07000028","stroke",3.59,4.05,3.18
"1923","E07000029","stroke",3.85,4.36,3.39
"1924","E07000030","stroke",4.04,4.66,3.51
"1925","E07000031","stroke",3.83,4.34,3.37
"1926","E07000032","stroke",3.95,4.41,3.55
"1927","E07000033","stroke",4.14,4.64,3.68
"1928","E07000034","stroke",3.84,4.31,3.42
"1929","E07000035","stroke",3.83,4.32,3.39
"1930","E07000036","stroke",3.68,4.13,3.27
"1931","E07000037","stroke",3.54,3.99,3.15
"1932","E07000038","stroke",3.84,4.29,3.44
"1933","E07000039","stroke",3.67,4.12,3.27
"1934","E07000040","stroke",4.18,4.67,3.74
"1935","E07000041","stroke",3.47,3.91,3.07
"1936","E07000042","stroke",3.74,4.22,3.3
"1937","E07000043","stroke",3.98,4.46,3.56
"1938","E07000044","stroke",3.61,4.13,3.16
"1939","E07000045","stroke",3.65,4.11,3.24
"1940","E07000046","stroke",3.6,4.14,3.12
"1941","E07000047","stroke",3.6,4.13,3.13
"1942","E07000048","stroke",4.04,4.55,3.59
"1943","E07000049","stroke",3.91,4.49,3.4
"1944","E07000050","stroke",3.96,4.53,3.46
"1945","E07000051","stroke",4.04,4.64,3.52
"1946","E07000052","stroke",4.12,4.66,3.64
"1947","E07000053","stroke",3.68,4.13,3.27
"1948","E07000061","stroke",3.98,4.44,3.56
"1949","E07000062","stroke",3.76,4.26,3.31
"1950","E07000063","stroke",3.74,4.2,3.32
"1951","E07000064","stroke",3.93,4.42,3.49
"1952","E07000065","stroke",3.67,4.16,3.23
"1953","E07000066","stroke",3.79,4.26,3.37
"1954","E07000067","stroke",3.91,4.39,3.47
"1955","E07000068","stroke",3.57,4.08,3.12
"1956","E07000069","stroke",3.79,4.28,3.36
"1957","E07000070","stroke",3.56,4.03,3.14
"1958","E07000071","stroke",3.67,4.1,3.28
"1959","E07000072","stroke",3.7,4.14,3.31
"1960","E07000073","stroke",3.6,4.18,3.09
"1961","E07000074","stroke",3.67,4.18,3.22
"1962","E07000075","stroke",3.7,4.26,3.21
"1963","E07000076","stroke",4.17,4.68,3.71
"1964","E07000077","stroke",3.41,3.93,2.95
"1965","E07000078","stroke",3.68,4.13,3.27
"1966","E07000079","stroke",3.85,4.34,3.41
"1967","E07000080","stroke",3.79,4.32,3.32
"1968","E07000081","stroke",3.85,4.33,3.43
"1969","E07000082","stroke",3.52,4.02,3.08
"1970","E07000083","stroke",3.76,4.26,3.32
"1971","E07000084","stroke",3.61,4.09,3.18
"1972","E07000085","stroke",3.57,4.12,3.09
"1973","E07000086","stroke",3.62,4.17,3.15
"1974","E07000087","stroke",3.8,4.41,3.26
"1975","E07000088","stroke",3.78,4.25,3.35
"1976","E07000089","stroke",3.52,4.2,2.94
"1977","E07000090","stroke",3.85,4.34,3.41
"1978","E07000091","stroke",3.6,4.09,3.17
"1979","E07000092","stroke",3.47,3.91,3.08
"1980","E07000093","stroke",3.52,4.01,3.09
"1981","E07000094","stroke",3.4,3.93,2.94
"1982","E07000095","stroke",3.81,4.31,3.37
"1983","E07000096","stroke",3.56,4.04,3.13
"1984","E07000098","stroke",3.71,4.17,3.3
"1985","E07000099","stroke",3.51,4,3.09
"1986","E07000102","stroke",3.59,4.17,3.08
"1987","E07000103","stroke",3.47,3.91,3.08
"1988","E07000105","stroke",3.93,4.37,3.52
"1989","E07000106","stroke",3.61,4.03,3.24
"1990","E07000107","stroke",3.76,4.21,3.37
"1991","E07000108","stroke",3.83,4.28,3.43
"1992","E07000109","stroke",3.62,4.07,3.22
"1993","E07000110","stroke",3.7,4.14,3.31
"1994","E07000111","stroke",3.53,4.01,3.1
"1995","E07000112","stroke",3.84,4.32,3.4
"1996","E07000113","stroke",3.77,4.25,3.34
"1997","E07000114","stroke",3.91,4.41,3.47
"1998","E07000115","stroke",3.53,4.02,3.09
"1999","E07000116","stroke",3.3,3.78,2.88
"2000","E07000117","stroke",3.91,4.46,3.44
"2001","E07000118","stroke",3.71,4.14,3.32
"2002","E07000119","stroke",3.94,4.42,3.51
"2003","E07000120","stroke",3.9,4.46,3.4
"2004","E07000121","stroke",3.64,4.06,3.25
"2005","E07000122","stroke",3.7,4.2,3.26
"2006","E07000123","stroke",3.76,4.24,3.34
"2007","E07000124","stroke",3.56,4.08,3.11
"2008","E07000125","stroke",3.51,3.97,3.1
"2009","E07000126","stroke",3.68,4.17,3.24
"2010","E07000127","stroke",3.7,4.16,3.29
"2011","E07000128","stroke",4.28,4.77,3.83
"2012","E07000129","stroke",3.77,4.3,3.31
"2013","E07000130","stroke",3.61,4.06,3.2
"2014","E07000131","stroke",3.62,4.17,3.13
"2015","E07000132","stroke",3.76,4.25,3.32
"2016","E07000133","stroke",3.53,3.98,3.13
"2017","E07000134","stroke",3.46,3.96,3.02
"2018","E07000135","stroke",3.85,4.35,3.41
"2019","E07000136","stroke",4.11,4.61,3.66
"2020","E07000137","stroke",4.14,4.69,3.65
"2021","E07000138","stroke",3.85,4.32,3.43
"2022","E07000139","stroke",3.83,4.34,3.37
"2023","E07000140","stroke",4.09,4.65,3.6
"2024","E07000141","stroke",3.6,4.08,3.18
"2025","E07000142","stroke",3.73,4.19,3.31
"2026","E07000143","stroke",4.21,4.73,3.74
"2027","E07000144","stroke",4,4.51,3.55
"2028","E07000145","stroke",4.13,4.67,3.65
"2029","E07000146","stroke",3.92,4.43,3.46
"2030","E07000147","stroke",3.95,4.54,3.43
"2031","E07000148","stroke",3.46,3.94,3.04
"2032","E07000149","stroke",3.74,4.24,3.3
"2033","E07000150","stroke",3.65,4.13,3.22
"2034","E07000151","stroke",4.14,4.65,3.68
"2035","E07000152","stroke",3.57,4.03,3.16
"2036","E07000153","stroke",3.51,3.95,3.12
"2037","E07000154","stroke",3.46,3.91,3.06
"2038","E07000155","stroke",3.46,4.04,2.97
"2039","E07000156","stroke",3.65,4.11,3.23
"2040","E07000163","stroke",3.65,4.15,3.21
"2041","E07000164","stroke",3.81,4.31,3.37
"2042","E07000165","stroke",3.62,4.13,3.17
"2043","E07000166","stroke",3.81,4.38,3.31
"2044","E07000167","stroke",4.05,4.64,3.53
"2045","E07000168","stroke",3.96,4.47,3.51
"2046","E07000169","stroke",3.57,4.06,3.15
"2047","E07000170","stroke",3.95,4.44,3.51
"2048","E07000171","stroke",3.73,4.18,3.33
"2049","E07000172","stroke",3.76,4.21,3.36
"2050","E07000173","stroke",3.62,4.1,3.2
"2051","E07000174","stroke",3.8,4.33,3.32
"2052","E07000175","stroke",3.54,3.98,3.15
"2053","E07000176","stroke",3.39,3.96,2.9
"2054","E07000177","stroke",3.56,4.07,3.12
"2055","E07000178","stroke",3.38,3.79,3
"2056","E07000179","stroke",3.54,4.1,3.06
"2057","E07000180","stroke",3.55,4.11,3.07
"2058","E07000181","stroke",3.39,3.96,2.9
"2059","E07000187","stroke",3.74,4.23,3.3
"2060","E07000188","stroke",4.01,4.49,3.59
"2061","E07000189","stroke",3.73,4.22,3.3
"2062","E07000190","stroke",3.67,4.15,3.24
"2063","E07000191","stroke",3.74,4.37,3.2
"2064","E07000192","stroke",3.91,4.36,3.51
"2065","E07000193","stroke",3.76,4.24,3.33
"2066","E07000194","stroke",3.83,4.31,3.4
"2067","E07000195","stroke",3.57,4.01,3.17
"2068","E07000196","stroke",3.86,4.37,3.41
"2069","E07000197","stroke",3.88,4.37,3.45
"2070","E07000198","stroke",3.68,4.17,3.25
"2071","E07000199","stroke",3.59,4.05,3.18
"2072","E07000200","stroke",4.04,4.5,3.63
"2073","E07000201","stroke",3.87,4.41,3.39
"2074","E07000202","stroke",3.6,4.07,3.19
"2075","E07000203","stroke",3.79,4.32,3.33
"2076","E07000204","stroke",3.9,4.39,3.47
"2077","E07000205","stroke",3.7,4.18,3.28
"2078","E07000206","stroke",3.93,4.4,3.5
"2079","E07000207","stroke",3.55,4.16,3.03
"2080","E07000208","stroke",3.4,3.95,2.92
"2081","E07000209","stroke",3.62,4.15,3.16
"2082","E07000210","stroke",3.69,4.22,3.23
"2083","E07000211","stroke",3.45,3.95,3.01
"2084","E07000212","stroke",3.59,4.09,3.15
"2085","E07000213","stroke",3.75,4.23,3.32
"2086","E07000214","stroke",3.52,4.15,2.99
"2087","E07000215","stroke",3.4,3.89,2.97
"2088","E07000216","stroke",3.39,3.99,2.87
"2089","E07000217","stroke",3.54,4.05,3.09
"2090","E07000218","stroke",3.71,4.2,3.28
"2091","E07000219","stroke",3.64,4.11,3.23
"2092","E07000220","stroke",3.7,4.18,3.26
"2093","E07000221","stroke",3.9,4.4,3.45
"2094","E07000222","stroke",3.54,4.03,3.11
"2095","E07000223","stroke",3.98,4.44,3.56
"2096","E07000224","stroke",4.02,4.48,3.61
"2097","E07000225","stroke",3.76,4.28,3.3
"2098","E07000226","stroke",3.35,3.82,2.94
"2099","E07000227","stroke",3.51,4,3.07
"2100","E07000228","stroke",3.56,4.14,3.06
"2101","E07000229","stroke",3.67,4.14,3.26
"2102","E07000234","stroke",3.74,4.24,3.29
"2103","E07000235","stroke",3.93,4.43,3.49
"2104","E07000236","stroke",3.43,3.87,3.04
"2105","E07000237","stroke",3.63,4.08,3.22
"2106","E07000238","stroke",3.76,4.26,3.32
"2107","E07000239","stroke",3.83,4.36,3.37
"2108","E07000240","stroke",3.34,3.88,2.87
"2109","E07000241","stroke",3.8,4.32,3.35
"2110","E07000242","stroke",3.48,4.03,2.99
"2111","E07000243","stroke",3.77,4.3,3.31
"2112","E08000001","stroke",3.97,4.43,3.55
"2113","E08000002","stroke",3.83,4.29,3.41
"2114","E08000003","stroke",3.81,4.44,3.27
"2115","E08000004","stroke",3.91,4.43,3.46
"2116","E08000005","stroke",3.68,4.22,3.21
"2117","E08000006","stroke",3.93,4.48,3.45
"2118","E08000007","stroke",3.68,4.1,3.29
"2119","E08000008","stroke",3.77,4.27,3.33
"2120","E08000009","stroke",3.47,3.92,3.07
"2121","E08000010","stroke",3.94,4.41,3.53
"2122","E08000011","stroke",4.34,4.98,3.77
"2123","E08000012","stroke",3.81,4.44,3.26
"2124","E08000013","stroke",3.84,4.37,3.37
"2125","E08000014","stroke",3.96,4.44,3.53
"2126","E08000015","stroke",3.74,4.18,3.35
"2127","E08000016","stroke",4.07,4.59,3.6
"2128","E08000017","stroke",4.04,4.55,3.59
"2129","E08000018","stroke",3.88,4.35,3.46
"2130","E08000019","stroke",3.81,4.33,3.36
"2131","E08000021","stroke",3.76,4.22,3.35
"2132","E08000022","stroke",3.63,4.08,3.23
"2133","E08000023","stroke",3.9,4.44,3.43
"2134","E08000024","stroke",3.86,4.38,3.4
"2135","E08000025","stroke",3.95,4.54,3.43
"2136","E08000026","stroke",4.02,4.49,3.59
"2137","E08000027","stroke",4.16,4.66,3.72
"2138","E08000028","stroke",4.02,4.63,3.48
"2139","E08000029","stroke",3.57,4.03,3.15
"2140","E08000030","stroke",4.1,4.69,3.58
"2141","E08000031","stroke",3.99,4.58,3.47
"2142","E08000032","stroke",3.95,4.47,3.49
"2143","E08000033","stroke",3.67,4.12,3.27
"2144","E08000034","stroke",3.66,4.09,3.27
"2145","E08000035","stroke",3.65,4.09,3.25
"2146","E08000036","stroke",3.67,4.14,3.25
"2147","E08000037","stroke",3.82,4.27,3.42
"2148","E09000002","stroke",3.84,4.5,3.28
"2149","E09000003","stroke",3.74,4.19,3.34
"2150","E09000004","stroke",3.75,4.49,3.14
"2151","E09000005","stroke",3.61,4.1,3.18
"2152","E09000006","stroke",3.52,4.02,3.08
"2153","E09000007","stroke",3.39,3.91,2.94
"2154","E09000008","stroke",3.49,4.07,2.99
"2155","E09000009","stroke",3.58,4.09,3.14
"2156","E09000010","stroke",3.54,4.06,3.08
"2157","E09000011","stroke",3.4,3.97,2.91
"2158","E09000012","stroke",3.31,3.88,2.82
"2159","E09000013","stroke",3.19,3.68,2.76
"2160","E09000014","stroke",3.23,3.87,2.69
"2161","E09000015","stroke",3.51,3.98,3.09
"2162","E09000016","stroke",3.59,4.12,3.12
"2163","E09000017","stroke",3.47,4.08,2.96
"2164","E09000018","stroke",3.47,3.99,3.02
"2165","E09000019","stroke",3.2,3.75,2.74
"2166","E09000020","stroke",3.2,3.64,2.81
"2167","E09000021","stroke",3.47,4.04,2.98
"2168","E09000022","stroke",3.15,3.7,2.68
"2169","E09000023","stroke",3.43,3.97,2.96
"2170","E09000024","stroke",3.36,4.12,2.74
"2171","E09000025","stroke",3.26,3.94,2.69
"2172","E09000026","stroke",3.51,3.97,3.11
"2173","E09000027","stroke",3.04,3.62,2.54
"2174","E09000028","stroke",3.16,3.65,2.74
"2175","E09000029","stroke",3.35,3.99,2.81
"2176","E09000030","stroke",3.19,3.82,2.66
"2177","E09000031","stroke",3.23,3.75,2.78
"2178","E09000032","stroke",3.14,3.64,2.71
"2179","E09000033","stroke",3.47,3.94,3.06
